/*
	################ DOMÍNIO ################
*/

-- select * from "VGT.DOMINIO_PAIS"

insert into "VGT.DOMINIO_PAIS"("id_dominio_pais", "pais") values(1,'Afeganistão');
insert into "VGT.DOMINIO_PAIS"("id_dominio_pais", "pais") values(2,'África do Sul');
insert into "VGT.DOMINIO_PAIS"("id_dominio_pais", "pais") values(3,'Albânia');
insert into "VGT.DOMINIO_PAIS"("id_dominio_pais", "pais") values(4,'Alemanha');
insert into "VGT.DOMINIO_PAIS"("id_dominio_pais", "pais") values(5,'Andorra');
insert into "VGT.DOMINIO_PAIS"("id_dominio_pais", "pais") values(6,'Angola');
insert into "VGT.DOMINIO_PAIS"("id_dominio_pais", "pais") values(7,'Antiga e Barbuda');
insert into "VGT.DOMINIO_PAIS"("id_dominio_pais", "pais") values(8,'Arábia Saudita');
insert into "VGT.DOMINIO_PAIS"("id_dominio_pais", "pais") values(9,'Argélia');
insert into "VGT.DOMINIO_PAIS"("id_dominio_pais", "pais") values(10,'Argentina');
insert into "VGT.DOMINIO_PAIS"("id_dominio_pais", "pais") values(11,'Arménia');
insert into "VGT.DOMINIO_PAIS"("id_dominio_pais", "pais") values(12,'Austrália');
insert into "VGT.DOMINIO_PAIS"("id_dominio_pais", "pais") values(13,'Áustria');
insert into "VGT.DOMINIO_PAIS"("id_dominio_pais", "pais") values(14,'Azerbaijão');
insert into "VGT.DOMINIO_PAIS"("id_dominio_pais", "pais") values(15,'Bahamas');
insert into "VGT.DOMINIO_PAIS"("id_dominio_pais", "pais") values(16,'Bangladexe');
insert into "VGT.DOMINIO_PAIS"("id_dominio_pais", "pais") values(17,'Barbados');
insert into "VGT.DOMINIO_PAIS"("id_dominio_pais", "pais") values(18,'Barém');
insert into "VGT.DOMINIO_PAIS"("id_dominio_pais", "pais") values(19,'Bélgica');
insert into "VGT.DOMINIO_PAIS"("id_dominio_pais", "pais") values(20,'Belize');
insert into "VGT.DOMINIO_PAIS"("id_dominio_pais", "pais") values(21,'Benim');
insert into "VGT.DOMINIO_PAIS"("id_dominio_pais", "pais") values(22,'Bielorrússia');
insert into "VGT.DOMINIO_PAIS"("id_dominio_pais", "pais") values(23,'Bolívia');
insert into "VGT.DOMINIO_PAIS"("id_dominio_pais", "pais") values(24,'Bósnia e Herzegovina');
insert into "VGT.DOMINIO_PAIS"("id_dominio_pais", "pais") values(25,'Botsuana');
insert into "VGT.DOMINIO_PAIS"("id_dominio_pais", "pais") values(26,'Brasil');
insert into "VGT.DOMINIO_PAIS"("id_dominio_pais", "pais") values(27,'Brunei');
insert into "VGT.DOMINIO_PAIS"("id_dominio_pais", "pais") values(28,'Bulgária');
insert into "VGT.DOMINIO_PAIS"("id_dominio_pais", "pais") values(29,'Burquina Faso');
insert into "VGT.DOMINIO_PAIS"("id_dominio_pais", "pais") values(30,'Burúndi');
insert into "VGT.DOMINIO_PAIS"("id_dominio_pais", "pais") values(31,'Butão');
insert into "VGT.DOMINIO_PAIS"("id_dominio_pais", "pais") values(32,'Cabo Verde');
insert into "VGT.DOMINIO_PAIS"("id_dominio_pais", "pais") values(33,'Camarões');
insert into "VGT.DOMINIO_PAIS"("id_dominio_pais", "pais") values(34,'Camboja');
insert into "VGT.DOMINIO_PAIS"("id_dominio_pais", "pais") values(35,'Canadá');
insert into "VGT.DOMINIO_PAIS"("id_dominio_pais", "pais") values(36,'Catar');
insert into "VGT.DOMINIO_PAIS"("id_dominio_pais", "pais") values(37,'Cazaquistão');
insert into "VGT.DOMINIO_PAIS"("id_dominio_pais", "pais") values(38,'Chade');
insert into "VGT.DOMINIO_PAIS"("id_dominio_pais", "pais") values(39,'Chile');
insert into "VGT.DOMINIO_PAIS"("id_dominio_pais", "pais") values(40,'China');
insert into "VGT.DOMINIO_PAIS"("id_dominio_pais", "pais") values(41,'Chipre');
insert into "VGT.DOMINIO_PAIS"("id_dominio_pais", "pais") values(42,'Colômbia');
insert into "VGT.DOMINIO_PAIS"("id_dominio_pais", "pais") values(43,'Comores');
insert into "VGT.DOMINIO_PAIS"("id_dominio_pais", "pais") values(44,'Congo-Brazzaville');
insert into "VGT.DOMINIO_PAIS"("id_dominio_pais", "pais") values(45,'Coreia do Norte');
insert into "VGT.DOMINIO_PAIS"("id_dominio_pais", "pais") values(46,'Coreia do Sul');
insert into "VGT.DOMINIO_PAIS"("id_dominio_pais", "pais") values(47,'Cosovo');
insert into "VGT.DOMINIO_PAIS"("id_dominio_pais", "pais") values(48,'Costa do Marfim');
insert into "VGT.DOMINIO_PAIS"("id_dominio_pais", "pais") values(49,'Costa Rica');
insert into "VGT.DOMINIO_PAIS"("id_dominio_pais", "pais") values(50,'Croácia');
insert into "VGT.DOMINIO_PAIS"("id_dominio_pais", "pais") values(51,'Cuaite');
insert into "VGT.DOMINIO_PAIS"("id_dominio_pais", "pais") values(52,'Cuba');
insert into "VGT.DOMINIO_PAIS"("id_dominio_pais", "pais") values(53,'Dinamarca');
insert into "VGT.DOMINIO_PAIS"("id_dominio_pais", "pais") values(54,'Dominica');
insert into "VGT.DOMINIO_PAIS"("id_dominio_pais", "pais") values(55,'Egito');
insert into "VGT.DOMINIO_PAIS"("id_dominio_pais", "pais") values(56,'Emirados Árabes Unidos');
insert into "VGT.DOMINIO_PAIS"("id_dominio_pais", "pais") values(57,'Equador');
insert into "VGT.DOMINIO_PAIS"("id_dominio_pais", "pais") values(58,'Eritreia');
insert into "VGT.DOMINIO_PAIS"("id_dominio_pais", "pais") values(59,'Eslováquia');
insert into "VGT.DOMINIO_PAIS"("id_dominio_pais", "pais") values(60,'Eslovénia');
insert into "VGT.DOMINIO_PAIS"("id_dominio_pais", "pais") values(61,'Espanha');
insert into "VGT.DOMINIO_PAIS"("id_dominio_pais", "pais") values(62,'Estado da Palestina');
insert into "VGT.DOMINIO_PAIS"("id_dominio_pais", "pais") values(63,'Estados Unidos');
insert into "VGT.DOMINIO_PAIS"("id_dominio_pais", "pais") values(64,'Estónia');
insert into "VGT.DOMINIO_PAIS"("id_dominio_pais", "pais") values(65,'Etiópia');
insert into "VGT.DOMINIO_PAIS"("id_dominio_pais", "pais") values(66,'Fiji');
insert into "VGT.DOMINIO_PAIS"("id_dominio_pais", "pais") values(67,'Filipinas');
insert into "VGT.DOMINIO_PAIS"("id_dominio_pais", "pais") values(68,'Finlândia');
insert into "VGT.DOMINIO_PAIS"("id_dominio_pais", "pais") values(69,'França');
insert into "VGT.DOMINIO_PAIS"("id_dominio_pais", "pais") values(70,'Gabão');
insert into "VGT.DOMINIO_PAIS"("id_dominio_pais", "pais") values(71,'Gâmbia');
insert into "VGT.DOMINIO_PAIS"("id_dominio_pais", "pais") values(72,'Gana');
insert into "VGT.DOMINIO_PAIS"("id_dominio_pais", "pais") values(73,'Geórgia');
insert into "VGT.DOMINIO_PAIS"("id_dominio_pais", "pais") values(74,'Granada');
insert into "VGT.DOMINIO_PAIS"("id_dominio_pais", "pais") values(75,'Grécia');
insert into "VGT.DOMINIO_PAIS"("id_dominio_pais", "pais") values(76,'Guatemala');
insert into "VGT.DOMINIO_PAIS"("id_dominio_pais", "pais") values(77,'Guiana');
insert into "VGT.DOMINIO_PAIS"("id_dominio_pais", "pais") values(78,'Guiné');
insert into "VGT.DOMINIO_PAIS"("id_dominio_pais", "pais") values(79,'Guiné Equatorial');
insert into "VGT.DOMINIO_PAIS"("id_dominio_pais", "pais") values(80,'Guiné-Bissau');
insert into "VGT.DOMINIO_PAIS"("id_dominio_pais", "pais") values(81,'Haiti');
insert into "VGT.DOMINIO_PAIS"("id_dominio_pais", "pais") values(82,'Honduras');
insert into "VGT.DOMINIO_PAIS"("id_dominio_pais", "pais") values(83,'Hungria');
insert into "VGT.DOMINIO_PAIS"("id_dominio_pais", "pais") values(84,'Iémen');
insert into "VGT.DOMINIO_PAIS"("id_dominio_pais", "pais") values(85,'Ilhas Marechal');
insert into "VGT.DOMINIO_PAIS"("id_dominio_pais", "pais") values(86,'Índia');
insert into "VGT.DOMINIO_PAIS"("id_dominio_pais", "pais") values(87,'Indonésia');
insert into "VGT.DOMINIO_PAIS"("id_dominio_pais", "pais") values(88,'Irão');
insert into "VGT.DOMINIO_PAIS"("id_dominio_pais", "pais") values(89,'Iraque');
insert into "VGT.DOMINIO_PAIS"("id_dominio_pais", "pais") values(90,'Irlanda');
insert into "VGT.DOMINIO_PAIS"("id_dominio_pais", "pais") values(91,'Islândia');
insert into "VGT.DOMINIO_PAIS"("id_dominio_pais", "pais") values(92,'Israel');
insert into "VGT.DOMINIO_PAIS"("id_dominio_pais", "pais") values(93,'Itália');
insert into "VGT.DOMINIO_PAIS"("id_dominio_pais", "pais") values(94,'Jamaica');
insert into "VGT.DOMINIO_PAIS"("id_dominio_pais", "pais") values(95,'Japão');
insert into "VGT.DOMINIO_PAIS"("id_dominio_pais", "pais") values(96,'Jibuti');
insert into "VGT.DOMINIO_PAIS"("id_dominio_pais", "pais") values(97,'Jordânia');
insert into "VGT.DOMINIO_PAIS"("id_dominio_pais", "pais") values(98,'Laus');
insert into "VGT.DOMINIO_PAIS"("id_dominio_pais", "pais") values(99,'Lesoto');
insert into "VGT.DOMINIO_PAIS"("id_dominio_pais", "pais") values(100,'Letónia');
insert into "VGT.DOMINIO_PAIS"("id_dominio_pais", "pais") values(101,'Líbano');
insert into "VGT.DOMINIO_PAIS"("id_dominio_pais", "pais") values(102,'Libéria');
insert into "VGT.DOMINIO_PAIS"("id_dominio_pais", "pais") values(103,'Líbia');
insert into "VGT.DOMINIO_PAIS"("id_dominio_pais", "pais") values(104,'Listenstaine');
insert into "VGT.DOMINIO_PAIS"("id_dominio_pais", "pais") values(105,'Lituânia');
insert into "VGT.DOMINIO_PAIS"("id_dominio_pais", "pais") values(106,'Luxemburgo');
insert into "VGT.DOMINIO_PAIS"("id_dominio_pais", "pais") values(107,'Macedónia');
insert into "VGT.DOMINIO_PAIS"("id_dominio_pais", "pais") values(108,'Madagáscar');
insert into "VGT.DOMINIO_PAIS"("id_dominio_pais", "pais") values(109,'Malásia');
insert into "VGT.DOMINIO_PAIS"("id_dominio_pais", "pais") values(110,'Maláui');
insert into "VGT.DOMINIO_PAIS"("id_dominio_pais", "pais") values(111,'Maldivas');
insert into "VGT.DOMINIO_PAIS"("id_dominio_pais", "pais") values(112,'Mali');
insert into "VGT.DOMINIO_PAIS"("id_dominio_pais", "pais") values(113,'Malta');
insert into "VGT.DOMINIO_PAIS"("id_dominio_pais", "pais") values(114,'Marrocos');
insert into "VGT.DOMINIO_PAIS"("id_dominio_pais", "pais") values(115,'Maurícia');
insert into "VGT.DOMINIO_PAIS"("id_dominio_pais", "pais") values(116,'Mauritânia');
insert into "VGT.DOMINIO_PAIS"("id_dominio_pais", "pais") values(117,'México');
insert into "VGT.DOMINIO_PAIS"("id_dominio_pais", "pais") values(118,'Mianmar');
insert into "VGT.DOMINIO_PAIS"("id_dominio_pais", "pais") values(119,'Micronésia');
insert into "VGT.DOMINIO_PAIS"("id_dominio_pais", "pais") values(120,'Moçambique');
insert into "VGT.DOMINIO_PAIS"("id_dominio_pais", "pais") values(121,'Moldávia');
insert into "VGT.DOMINIO_PAIS"("id_dominio_pais", "pais") values(122,'Mónaco');
insert into "VGT.DOMINIO_PAIS"("id_dominio_pais", "pais") values(123,'Mongólia');
insert into "VGT.DOMINIO_PAIS"("id_dominio_pais", "pais") values(124,'Montenegro');
insert into "VGT.DOMINIO_PAIS"("id_dominio_pais", "pais") values(125,'Namíbia');
insert into "VGT.DOMINIO_PAIS"("id_dominio_pais", "pais") values(126,'Nauru');
insert into "VGT.DOMINIO_PAIS"("id_dominio_pais", "pais") values(127,'Nepal');
insert into "VGT.DOMINIO_PAIS"("id_dominio_pais", "pais") values(128,'Nicarágua');
insert into "VGT.DOMINIO_PAIS"("id_dominio_pais", "pais") values(129,'Níger');
insert into "VGT.DOMINIO_PAIS"("id_dominio_pais", "pais") values(130,'Nigéria');
insert into "VGT.DOMINIO_PAIS"("id_dominio_pais", "pais") values(131,'Noruega');
insert into "VGT.DOMINIO_PAIS"("id_dominio_pais", "pais") values(132,'Nova Zelândia');
insert into "VGT.DOMINIO_PAIS"("id_dominio_pais", "pais") values(133,'Omã');
insert into "VGT.DOMINIO_PAIS"("id_dominio_pais", "pais") values(134,'Países Baixos');
insert into "VGT.DOMINIO_PAIS"("id_dominio_pais", "pais") values(135,'Palau');
insert into "VGT.DOMINIO_PAIS"("id_dominio_pais", "pais") values(136,'Panamá');
insert into "VGT.DOMINIO_PAIS"("id_dominio_pais", "pais") values(137,'Papua Nova Guiné');
insert into "VGT.DOMINIO_PAIS"("id_dominio_pais", "pais") values(138,'Paquistão');
insert into "VGT.DOMINIO_PAIS"("id_dominio_pais", "pais") values(139,'Paraguai');
insert into "VGT.DOMINIO_PAIS"("id_dominio_pais", "pais") values(140,'Peru');
insert into "VGT.DOMINIO_PAIS"("id_dominio_pais", "pais") values(141,'Polónia');
insert into "VGT.DOMINIO_PAIS"("id_dominio_pais", "pais") values(142,'Portugal');
insert into "VGT.DOMINIO_PAIS"("id_dominio_pais", "pais") values(143,'Quénia');
insert into "VGT.DOMINIO_PAIS"("id_dominio_pais", "pais") values(144,'Quirguistão');
insert into "VGT.DOMINIO_PAIS"("id_dominio_pais", "pais") values(145,'Quiribáti');
insert into "VGT.DOMINIO_PAIS"("id_dominio_pais", "pais") values(146,'Reino Unido');
insert into "VGT.DOMINIO_PAIS"("id_dominio_pais", "pais") values(147,'República Centro-Africana');
insert into "VGT.DOMINIO_PAIS"("id_dominio_pais", "pais") values(148,'República Checa');
insert into "VGT.DOMINIO_PAIS"("id_dominio_pais", "pais") values(149,'República Democrática do Congo');
insert into "VGT.DOMINIO_PAIS"("id_dominio_pais", "pais") values(150,'República Dominicana');
insert into "VGT.DOMINIO_PAIS"("id_dominio_pais", "pais") values(151,'Roménia');
insert into "VGT.DOMINIO_PAIS"("id_dominio_pais", "pais") values(152,'Ruanda');
insert into "VGT.DOMINIO_PAIS"("id_dominio_pais", "pais") values(153,'Rússia');
insert into "VGT.DOMINIO_PAIS"("id_dominio_pais", "pais") values(154,'Salomão');
insert into "VGT.DOMINIO_PAIS"("id_dominio_pais", "pais") values(155,'Salvador');
insert into "VGT.DOMINIO_PAIS"("id_dominio_pais", "pais") values(156,'Samoa');
insert into "VGT.DOMINIO_PAIS"("id_dominio_pais", "pais") values(157,'Santa Lúcia');
insert into "VGT.DOMINIO_PAIS"("id_dominio_pais", "pais") values(158,'São Cristóvão e Neves');
insert into "VGT.DOMINIO_PAIS"("id_dominio_pais", "pais") values(159,'São Marinho');
insert into "VGT.DOMINIO_PAIS"("id_dominio_pais", "pais") values(160,'São Tomé e Príncipe');
insert into "VGT.DOMINIO_PAIS"("id_dominio_pais", "pais") values(161,'São Vicente e Granadinas');
insert into "VGT.DOMINIO_PAIS"("id_dominio_pais", "pais") values(162,'Seicheles');
insert into "VGT.DOMINIO_PAIS"("id_dominio_pais", "pais") values(163,'Senegal');
insert into "VGT.DOMINIO_PAIS"("id_dominio_pais", "pais") values(164,'Serra Leoa');
insert into "VGT.DOMINIO_PAIS"("id_dominio_pais", "pais") values(165,'Sérvia');
insert into "VGT.DOMINIO_PAIS"("id_dominio_pais", "pais") values(166,'Singapura');
insert into "VGT.DOMINIO_PAIS"("id_dominio_pais", "pais") values(167,'Síria');
insert into "VGT.DOMINIO_PAIS"("id_dominio_pais", "pais") values(168,'Somália');
insert into "VGT.DOMINIO_PAIS"("id_dominio_pais", "pais") values(169,'Sri Lanca');
insert into "VGT.DOMINIO_PAIS"("id_dominio_pais", "pais") values(170,'Suazilândia');
insert into "VGT.DOMINIO_PAIS"("id_dominio_pais", "pais") values(171,'Sudão');
insert into "VGT.DOMINIO_PAIS"("id_dominio_pais", "pais") values(172,'Sudão do Sul');
insert into "VGT.DOMINIO_PAIS"("id_dominio_pais", "pais") values(173,'Suécia');
insert into "VGT.DOMINIO_PAIS"("id_dominio_pais", "pais") values(174,'Suíça');
insert into "VGT.DOMINIO_PAIS"("id_dominio_pais", "pais") values(175,'Suriname');
insert into "VGT.DOMINIO_PAIS"("id_dominio_pais", "pais") values(176,'Tailândia');
insert into "VGT.DOMINIO_PAIS"("id_dominio_pais", "pais") values(177,'Taiuã');
insert into "VGT.DOMINIO_PAIS"("id_dominio_pais", "pais") values(178,'Tajiquistão');
insert into "VGT.DOMINIO_PAIS"("id_dominio_pais", "pais") values(179,'Tanzânia');
insert into "VGT.DOMINIO_PAIS"("id_dominio_pais", "pais") values(180,'Timor-Leste');
insert into "VGT.DOMINIO_PAIS"("id_dominio_pais", "pais") values(181,'Togo');
insert into "VGT.DOMINIO_PAIS"("id_dominio_pais", "pais") values(182,'Tonga');
insert into "VGT.DOMINIO_PAIS"("id_dominio_pais", "pais") values(183,'Trindade e Tobago');
insert into "VGT.DOMINIO_PAIS"("id_dominio_pais", "pais") values(184,'Tunísia');
insert into "VGT.DOMINIO_PAIS"("id_dominio_pais", "pais") values(185,'Turcomenistão');
insert into "VGT.DOMINIO_PAIS"("id_dominio_pais", "pais") values(186,'Turquia');
insert into "VGT.DOMINIO_PAIS"("id_dominio_pais", "pais") values(187,'Tuvalu');
insert into "VGT.DOMINIO_PAIS"("id_dominio_pais", "pais") values(188,'Ucrânia');
insert into "VGT.DOMINIO_PAIS"("id_dominio_pais", "pais") values(189,'Uganda');
insert into "VGT.DOMINIO_PAIS"("id_dominio_pais", "pais") values(190,'Uruguai');
insert into "VGT.DOMINIO_PAIS"("id_dominio_pais", "pais") values(191,'Usbequistão');
insert into "VGT.DOMINIO_PAIS"("id_dominio_pais", "pais") values(192,'Vanuatu');
insert into "VGT.DOMINIO_PAIS"("id_dominio_pais", "pais") values(193,'Vaticano');
insert into "VGT.DOMINIO_PAIS"("id_dominio_pais", "pais") values(194,'Venezuela');
insert into "VGT.DOMINIO_PAIS"("id_dominio_pais", "pais") values(195,'Vietname');
insert into "VGT.DOMINIO_PAIS"("id_dominio_pais", "pais") values(196,'Zâmbia');
insert into "VGT.DOMINIO_PAIS"("id_dominio_pais", "pais") values(197,'Zimbábue');

-- select * from "VGT.DOMINIO_MOEDA"
--Delete From "VGT.DOMINIO_MOEDA 
insert into "VGT.DOMINIO_MOEDA"("id_dominio_moeda", "nome", "acronimo") values(1,'AFEGANE AFEGANIST','AFN');
insert into "VGT.DOMINIO_MOEDA"("id_dominio_moeda", "nome", "acronimo") values(2,'RANDE/AFRICA SUL ','ZAR');
insert into "VGT.DOMINIO_MOEDA"("id_dominio_moeda", "nome", "acronimo") values(3,'LEK ALBANIA REP','ALL');
insert into "VGT.DOMINIO_MOEDA"("id_dominio_moeda", "nome", "acronimo") values(4,'EURO','EUR');
insert into "VGT.DOMINIO_MOEDA"("id_dominio_moeda", "nome", "acronimo") values(5,'KWANZA/ANGOLA','AOA');
insert into "VGT.DOMINIO_MOEDA"("id_dominio_moeda", "nome", "acronimo") values(6,'DOLAR CARIBE ORIENTAL','XCD');
insert into "VGT.DOMINIO_MOEDA"("id_dominio_moeda", "nome", "acronimo") values(7,'DOLAR CARIBE ORIENTAL','XCD');
insert into "VGT.DOMINIO_MOEDA"("id_dominio_moeda", "nome", "acronimo") values(8,'RIAL/ARAB SAUDITA','SAR');
insert into "VGT.DOMINIO_MOEDA"("id_dominio_moeda", "nome", "acronimo") values(9,'DINAR ARGELINO   ','DZD');
insert into "VGT.DOMINIO_MOEDA"("id_dominio_moeda", "nome", "acronimo") values(10,'PESO ARGENTINO','ARS');
insert into "VGT.DOMINIO_MOEDA"("id_dominio_moeda", "nome", "acronimo") values(11,'DRAM ARMENIA REP','AMD');
insert into "VGT.DOMINIO_MOEDA"("id_dominio_moeda", "nome", "acronimo") values(12,'FLORIM/ARUBA ','AWG');
insert into "VGT.DOMINIO_MOEDA"("id_dominio_moeda", "nome", "acronimo") values(13,'DOLAR AUSTRALIANO','AUD');
insert into "VGT.DOMINIO_MOEDA"("id_dominio_moeda", "nome", "acronimo") values(14,'EURO','EUR');
insert into "VGT.DOMINIO_MOEDA"("id_dominio_moeda", "nome", "acronimo") values(15,'MANAT ARZEBAIJAO','AZN');
insert into "VGT.DOMINIO_MOEDA"("id_dominio_moeda", "nome", "acronimo") values(16,'DOLAR/BAHAMAS','BSD');
insert into "VGT.DOMINIO_MOEDA"("id_dominio_moeda", "nome", "acronimo") values(17,'DINAR/BAHREIN','BHD');
insert into "VGT.DOMINIO_MOEDA"("id_dominio_moeda", "nome", "acronimo") values(18,'TACA/BANGLADESH  ','BDT');
insert into "VGT.DOMINIO_MOEDA"("id_dominio_moeda", "nome", "acronimo") values(19,'DOLAR/BARBADOS   ','BBD');
insert into "VGT.DOMINIO_MOEDA"("id_dominio_moeda", "nome", "acronimo") values(20,'RUBLO BELARUS','BYN');
insert into "VGT.DOMINIO_MOEDA"("id_dominio_moeda", "nome", "acronimo") values(21,'EURO','EUR');
insert into "VGT.DOMINIO_MOEDA"("id_dominio_moeda", "nome", "acronimo") values(22,'DOLAR/BELIZE ','BZD');
insert into "VGT.DOMINIO_MOEDA"("id_dominio_moeda", "nome", "acronimo") values(23,'FRANCO CFA BCEAO','XOF');
insert into "VGT.DOMINIO_MOEDA"("id_dominio_moeda", "nome", "acronimo") values(24,'DOLAR/BERMUDAS   ','BMD');
insert into "VGT.DOMINIO_MOEDA"("id_dominio_moeda", "nome", "acronimo") values(25,'BOLIVIANO/BOLIVIA','BOB');
insert into "VGT.DOMINIO_MOEDA"("id_dominio_moeda", "nome", "acronimo") values(26,'MARCO CONV BOSNIA','BAM');
insert into "VGT.DOMINIO_MOEDA"("id_dominio_moeda", "nome", "acronimo") values(27,'PULA/BOTSWANA','BWP');
insert into "VGT.DOMINIO_MOEDA"("id_dominio_moeda", "nome", "acronimo") values(28,'REAL BRASIL','BRL');
insert into "VGT.DOMINIO_MOEDA"("id_dominio_moeda", "nome", "acronimo") values(29,'DOLAR BRUNEI','BND');
insert into "VGT.DOMINIO_MOEDA"("id_dominio_moeda", "nome", "acronimo") values(30,'LEV/BULGARIA, REP','BGN');
insert into "VGT.DOMINIO_MOEDA"("id_dominio_moeda", "nome", "acronimo") values(31,'FRANCO CFA BCEAO','XOF');
insert into "VGT.DOMINIO_MOEDA"("id_dominio_moeda", "nome", "acronimo") values(32,'FRANCO/BURUNDI   ','BIF');
insert into "VGT.DOMINIO_MOEDA"("id_dominio_moeda", "nome", "acronimo") values(33,'NGULTRUM/BUTAO   ','BTN');
insert into "VGT.DOMINIO_MOEDA"("id_dominio_moeda", "nome", "acronimo") values(34,'ESCUDO CABO VERDE','CVE');
insert into "VGT.DOMINIO_MOEDA"("id_dominio_moeda", "nome", "acronimo") values(35,'FRANCO CFA BEAC','XAF');
insert into "VGT.DOMINIO_MOEDA"("id_dominio_moeda", "nome", "acronimo") values(36,'RIEL/CAMBOJA ','KHR');
insert into "VGT.DOMINIO_MOEDA"("id_dominio_moeda", "nome", "acronimo") values(37,'DOLAR CANADENSE','CAD');
insert into "VGT.DOMINIO_MOEDA"("id_dominio_moeda", "nome", "acronimo") values(38,'RIAL/CATAR   ','QAR');
insert into "VGT.DOMINIO_MOEDA"("id_dominio_moeda", "nome", "acronimo") values(39,'DOLAR CAYMAN','KYD');
insert into "VGT.DOMINIO_MOEDA"("id_dominio_moeda", "nome", "acronimo") values(40,'TENGE CAZAQUISTAO','KZT');
insert into "VGT.DOMINIO_MOEDA"("id_dominio_moeda", "nome", "acronimo") values(41,'FRANCO CFA BEAC','XAF');
insert into "VGT.DOMINIO_MOEDA"("id_dominio_moeda", "nome", "acronimo") values(42,'UNIDADE DE FOMENTO DO CHILE','CLF');
insert into "VGT.DOMINIO_MOEDA"("id_dominio_moeda", "nome", "acronimo") values(43,'PESO CHILE','CLP');
insert into "VGT.DOMINIO_MOEDA"("id_dominio_moeda", "nome", "acronimo") values(44,'RENMINBI CHINES','CNY');
insert into "VGT.DOMINIO_MOEDA"("id_dominio_moeda", "nome", "acronimo") values(45,'RENMINBI HONG KONG','CNH');
insert into "VGT.DOMINIO_MOEDA"("id_dominio_moeda", "nome", "acronimo") values(46,'EURO','EUR');
insert into "VGT.DOMINIO_MOEDA"("id_dominio_moeda", "nome", "acronimo") values(47,'DOLAR CINGAPURA','SGD');
insert into "VGT.DOMINIO_MOEDA"("id_dominio_moeda", "nome", "acronimo") values(48,'PESO/COLOMBIA','COP');
insert into "VGT.DOMINIO_MOEDA"("id_dominio_moeda", "nome", "acronimo") values(49,'FRANCO/COMORES   ','KMF');
insert into "VGT.DOMINIO_MOEDA"("id_dominio_moeda", "nome", "acronimo") values(50,'FRANCO CFA BEAC','XAF');
insert into "VGT.DOMINIO_MOEDA"("id_dominio_moeda", "nome", "acronimo") values(51,'FRANCO CONGOLES','CDF');
insert into "VGT.DOMINIO_MOEDA"("id_dominio_moeda", "nome", "acronimo") values(52,'DOLAR NOVA ZELANDIA','NZD');
insert into "VGT.DOMINIO_MOEDA"("id_dominio_moeda", "nome", "acronimo") values(53,'WON/COREIA NORTE ','KPW');
insert into "VGT.DOMINIO_MOEDA"("id_dominio_moeda", "nome", "acronimo") values(54,'WON COREIA SUL','KRW');
insert into "VGT.DOMINIO_MOEDA"("id_dominio_moeda", "nome", "acronimo") values(55,'FRANCO CFA BCEAO','XOF');
insert into "VGT.DOMINIO_MOEDA"("id_dominio_moeda", "nome", "acronimo") values(56,'COLON/COSTA RICA ','CRC');
insert into "VGT.DOMINIO_MOEDA"("id_dominio_moeda", "nome", "acronimo") values(57,'DINAR/KWAIT  ','KWD');
insert into "VGT.DOMINIO_MOEDA"("id_dominio_moeda", "nome", "acronimo") values(58,'KUNA/CROACIA ','HRK');
insert into "VGT.DOMINIO_MOEDA"("id_dominio_moeda", "nome", "acronimo") values(59,'PESO/CUBA    ','CUP');
insert into "VGT.DOMINIO_MOEDA"("id_dominio_moeda", "nome", "acronimo") values(60,'GUILDER ANTILHAS HOLANDESAS','ANG');
insert into "VGT.DOMINIO_MOEDA"("id_dominio_moeda", "nome", "acronimo") values(61,'COROA DINAMARQUESA','DKK');
insert into "VGT.DOMINIO_MOEDA"("id_dominio_moeda", "nome", "acronimo") values(62,'FRANCO/DJIBUTI   ','DJF');
insert into "VGT.DOMINIO_MOEDA"("id_dominio_moeda", "nome", "acronimo") values(63,'DOLAR CARIBE ORIENTAL','XCD');
insert into "VGT.DOMINIO_MOEDA"("id_dominio_moeda", "nome", "acronimo") values(64,'LIBRA/EGITO  ','EGP');
insert into "VGT.DOMINIO_MOEDA"("id_dominio_moeda", "nome", "acronimo") values(65,'COLON/EL SALVADOR','SVC');
insert into "VGT.DOMINIO_MOEDA"("id_dominio_moeda", "nome", "acronimo") values(66,'DIRHAM/EMIR.ARABE','AED');
insert into "VGT.DOMINIO_MOEDA"("id_dominio_moeda", "nome", "acronimo") values(67,'NAKFA ERITREIA','ERN');
insert into "VGT.DOMINIO_MOEDA"("id_dominio_moeda", "nome", "acronimo") values(68,'EURO','EUR');
insert into "VGT.DOMINIO_MOEDA"("id_dominio_moeda", "nome", "acronimo") values(69,'EURO','EUR');
insert into "VGT.DOMINIO_MOEDA"("id_dominio_moeda", "nome", "acronimo") values(70,'EURO','EUR');
insert into "VGT.DOMINIO_MOEDA"("id_dominio_moeda", "nome", "acronimo") values(71,'DOLAR DOS EUA','USD');
insert into "VGT.DOMINIO_MOEDA"("id_dominio_moeda", "nome", "acronimo") values(72,'EURO','EUR');
insert into "VGT.DOMINIO_MOEDA"("id_dominio_moeda", "nome", "acronimo") values(73,'BIRR/ETIOPIA ','ETB');
insert into "VGT.DOMINIO_MOEDA"("id_dominio_moeda", "nome", "acronimo") values(74,'LIBRA/FALKLAND   ','FKP');
insert into "VGT.DOMINIO_MOEDA"("id_dominio_moeda", "nome", "acronimo") values(75,'DOLAR FIJI','FJD');
insert into "VGT.DOMINIO_MOEDA"("id_dominio_moeda", "nome", "acronimo") values(76,'PESO/FILIPINAS   ','PHP');
insert into "VGT.DOMINIO_MOEDA"("id_dominio_moeda", "nome", "acronimo") values(77,'EURO','EUR');
insert into "VGT.DOMINIO_MOEDA"("id_dominio_moeda", "nome", "acronimo") values(78,'NOVO DOLAR/TAIWAN','TWD');
insert into "VGT.DOMINIO_MOEDA"("id_dominio_moeda", "nome", "acronimo") values(79,'EURO','EUR');
insert into "VGT.DOMINIO_MOEDA"("id_dominio_moeda", "nome", "acronimo") values(80,'FRANCO CFA BEAC','XAF');
insert into "VGT.DOMINIO_MOEDA"("id_dominio_moeda", "nome", "acronimo") values(81,'DALASI/GAMBIA','GMD');
insert into "VGT.DOMINIO_MOEDA"("id_dominio_moeda", "nome", "acronimo") values(82,'CEDI GANA','GHS');
insert into "VGT.DOMINIO_MOEDA"("id_dominio_moeda", "nome", "acronimo") values(83,'LARI GEORGIA','GEL');
insert into "VGT.DOMINIO_MOEDA"("id_dominio_moeda", "nome", "acronimo") values(84,'LIBRA/GIBRALTAR  ','GIP');
insert into "VGT.DOMINIO_MOEDA"("id_dominio_moeda", "nome", "acronimo") values(85,'DOLAR CARIBE ORIENTAL','XCD');
insert into "VGT.DOMINIO_MOEDA"("id_dominio_moeda", "nome", "acronimo") values(86,'EURO','EUR');
insert into "VGT.DOMINIO_MOEDA"("id_dominio_moeda", "nome", "acronimo") values(87,'EURO','EUR');
insert into "VGT.DOMINIO_MOEDA"("id_dominio_moeda", "nome", "acronimo") values(88,'QUETZAL/GUATEMALA','GTQ');
insert into "VGT.DOMINIO_MOEDA"("id_dominio_moeda", "nome", "acronimo") values(89,'LIBRA ESTERLINA','GBP');
insert into "VGT.DOMINIO_MOEDA"("id_dominio_moeda", "nome", "acronimo") values(90,'DOLAR DA GUIANA  ','GYD');
insert into "VGT.DOMINIO_MOEDA"("id_dominio_moeda", "nome", "acronimo") values(91,'EURO','EUR');
insert into "VGT.DOMINIO_MOEDA"("id_dominio_moeda", "nome", "acronimo") values(92,'FRANCO/GUINE ','GNF');
insert into "VGT.DOMINIO_MOEDA"("id_dominio_moeda", "nome", "acronimo") values(93,'PESO/GUINE BISSAU','GWP');
insert into "VGT.DOMINIO_MOEDA"("id_dominio_moeda", "nome", "acronimo") values(94,'FRANCO CFA BCEAO','XOF');
insert into "VGT.DOMINIO_MOEDA"("id_dominio_moeda", "nome", "acronimo") values(95,'FRANCO CFA BEAC','XAF');
insert into "VGT.DOMINIO_MOEDA"("id_dominio_moeda", "nome", "acronimo") values(96,'GOURDE/HAITI ','HTG');
insert into "VGT.DOMINIO_MOEDA"("id_dominio_moeda", "nome", "acronimo") values(97,'LEMPIRA/HONDURAS ','HNL');
insert into "VGT.DOMINIO_MOEDA"("id_dominio_moeda", "nome", "acronimo") values(98,'DOLAR HONG KONG','HKD');
insert into "VGT.DOMINIO_MOEDA"("id_dominio_moeda", "nome", "acronimo") values(99,'RENMINBI HONG KONG','CNH');
insert into "VGT.DOMINIO_MOEDA"("id_dominio_moeda", "nome", "acronimo") values(100,'FORINT/HUNGRIA   ','HUF');
insert into "VGT.DOMINIO_MOEDA"("id_dominio_moeda", "nome", "acronimo") values(101,'RIAL/IEMEN   ','YER');
insert into "VGT.DOMINIO_MOEDA"("id_dominio_moeda", "nome", "acronimo") values(102,'RUPIA/INDIA  ','INR');
insert into "VGT.DOMINIO_MOEDA"("id_dominio_moeda", "nome", "acronimo") values(103,'RUPIA/INDONESIA  ','IDR');
insert into "VGT.DOMINIO_MOEDA"("id_dominio_moeda", "nome", "acronimo") values(104,'RIAL/IRAN, REP   ','IRR');
insert into "VGT.DOMINIO_MOEDA"("id_dominio_moeda", "nome", "acronimo") values(105,'DINAR/IRAQUE ','IQD');
insert into "VGT.DOMINIO_MOEDA"("id_dominio_moeda", "nome", "acronimo") values(106,'EURO','EUR');
insert into "VGT.DOMINIO_MOEDA"("id_dominio_moeda", "nome", "acronimo") values(107,'COROA ISLND/ISLAN','ISK');
insert into "VGT.DOMINIO_MOEDA"("id_dominio_moeda", "nome", "acronimo") values(108,'SHEKEL/ISRAEL','ILS');
insert into "VGT.DOMINIO_MOEDA"("id_dominio_moeda", "nome", "acronimo") values(109,'EURO','EUR');
insert into "VGT.DOMINIO_MOEDA"("id_dominio_moeda", "nome", "acronimo") values(110,'DOLAR/JAMAICA','JMD');
insert into "VGT.DOMINIO_MOEDA"("id_dominio_moeda", "nome", "acronimo") values(111,'IENE         ','JPY');
insert into "VGT.DOMINIO_MOEDA"("id_dominio_moeda", "nome", "acronimo") values(112,'LIBRA ESTERLINA','GBP');
insert into "VGT.DOMINIO_MOEDA"("id_dominio_moeda", "nome", "acronimo") values(113,'DINAR/JORDANIA   ','JOD');
insert into "VGT.DOMINIO_MOEDA"("id_dominio_moeda", "nome", "acronimo") values(114,'QUIPE/LAOS, REP  ','LAK');
insert into "VGT.DOMINIO_MOEDA"("id_dominio_moeda", "nome", "acronimo") values(115,'LOTI/LESOTO  ','LSL');
insert into "VGT.DOMINIO_MOEDA"("id_dominio_moeda", "nome", "acronimo") values(116,'EURO','EUR');
insert into "VGT.DOMINIO_MOEDA"("id_dominio_moeda", "nome", "acronimo") values(117,'LIBRA/LIBANO ','LBP');
insert into "VGT.DOMINIO_MOEDA"("id_dominio_moeda", "nome", "acronimo") values(118,'DOLAR LIBERIA','LRD');
insert into "VGT.DOMINIO_MOEDA"("id_dominio_moeda", "nome", "acronimo") values(119,'DINAR/LIBIA  ','LYD');
insert into "VGT.DOMINIO_MOEDA"("id_dominio_moeda", "nome", "acronimo") values(120,'FRANCO SUICO','CHF');
insert into "VGT.DOMINIO_MOEDA"("id_dominio_moeda", "nome", "acronimo") values(121,'EURO','EUR');
insert into "VGT.DOMINIO_MOEDA"("id_dominio_moeda", "nome", "acronimo") values(122,'EURO','EUR');
insert into "VGT.DOMINIO_MOEDA"("id_dominio_moeda", "nome", "acronimo") values(123,'PATACA/MACAU ','MOP');
insert into "VGT.DOMINIO_MOEDA"("id_dominio_moeda", "nome", "acronimo") values(124,'DINAR/MACEDONIA  ','MKD');
insert into "VGT.DOMINIO_MOEDA"("id_dominio_moeda", "nome", "acronimo") values(125,'ARIARY MADAGASCAR','MGA');
insert into "VGT.DOMINIO_MOEDA"("id_dominio_moeda", "nome", "acronimo") values(126,'RINGGIT/MALASIA  ','MYR');
insert into "VGT.DOMINIO_MOEDA"("id_dominio_moeda", "nome", "acronimo") values(127,'QUACHA/MALAVI','MWK');
insert into "VGT.DOMINIO_MOEDA"("id_dominio_moeda", "nome", "acronimo") values(128,'RUFIA/MALDIVAS   ','MVR');
insert into "VGT.DOMINIO_MOEDA"("id_dominio_moeda", "nome", "acronimo") values(129,'FRANCO CFA BCEAO','XOF');
insert into "VGT.DOMINIO_MOEDA"("id_dominio_moeda", "nome", "acronimo") values(130,'EURO','EUR');
insert into "VGT.DOMINIO_MOEDA"("id_dominio_moeda", "nome", "acronimo") values(131,'LIBRA ESTERLINA','GBP');
insert into "VGT.DOMINIO_MOEDA"("id_dominio_moeda", "nome", "acronimo") values(132,'DIRHAM/MARROCOS  ','MAD');
insert into "VGT.DOMINIO_MOEDA"("id_dominio_moeda", "nome", "acronimo") values(133,'DOLAR DOS EUA','USD');
insert into "VGT.DOMINIO_MOEDA"("id_dominio_moeda", "nome", "acronimo") values(134,'EURO','EUR');
insert into "VGT.DOMINIO_MOEDA"("id_dominio_moeda", "nome", "acronimo") values(135,'RUPIA/MAURICIO   ','MUR');
insert into "VGT.DOMINIO_MOEDA"("id_dominio_moeda", "nome", "acronimo") values(136,'UGUIA MAURITANIA','MRU');
insert into "VGT.DOMINIO_MOEDA"("id_dominio_moeda", "nome", "acronimo") values(137,'UGUIA MAURITANIA','MRO');
insert into "VGT.DOMINIO_MOEDA"("id_dominio_moeda", "nome", "acronimo") values(138,'PESO/MEXICO  ','MXN');
insert into "VGT.DOMINIO_MOEDA"("id_dominio_moeda", "nome", "acronimo") values(139,'QUIATE/BIRMANIA  ','MMK');
insert into "VGT.DOMINIO_MOEDA"("id_dominio_moeda", "nome", "acronimo") values(140,'NOVA METICAL/MOCA','MZN');
insert into "VGT.DOMINIO_MOEDA"("id_dominio_moeda", "nome", "acronimo") values(141,'LEU/MOLDAVIA, REP','MDL');
insert into "VGT.DOMINIO_MOEDA"("id_dominio_moeda", "nome", "acronimo") values(142,'EURO','EUR');
insert into "VGT.DOMINIO_MOEDA"("id_dominio_moeda", "nome", "acronimo") values(143,'TUGRIK/MONGOLIA  ','MNT');
insert into "VGT.DOMINIO_MOEDA"("id_dominio_moeda", "nome", "acronimo") values(144,'EURO','EUR');
insert into "VGT.DOMINIO_MOEDA"("id_dominio_moeda", "nome", "acronimo") values(145,'DOLAR CARIBE ORIENTAL','XCD');
insert into "VGT.DOMINIO_MOEDA"("id_dominio_moeda", "nome", "acronimo") values(146,'DOLAR DA NAMIBIA','NAD');
insert into "VGT.DOMINIO_MOEDA"("id_dominio_moeda", "nome", "acronimo") values(147,'RUPIA/NEPAL  ','NPR');
insert into "VGT.DOMINIO_MOEDA"("id_dominio_moeda", "nome", "acronimo") values(148,'CORDOBA OURO ','NIO');
insert into "VGT.DOMINIO_MOEDA"("id_dominio_moeda", "nome", "acronimo") values(149,'FRANCO CFA BCEAO','XOF');
insert into "VGT.DOMINIO_MOEDA"("id_dominio_moeda", "nome", "acronimo") values(150,'NAIRA/NIGERIA','NGN');
insert into "VGT.DOMINIO_MOEDA"("id_dominio_moeda", "nome", "acronimo") values(151,'DOLAR NOVA ZELANDIA','NZD');
insert into "VGT.DOMINIO_MOEDA"("id_dominio_moeda", "nome", "acronimo") values(152,'COROA NORUEGUESA','NOK');
insert into "VGT.DOMINIO_MOEDA"("id_dominio_moeda", "nome", "acronimo") values(153,'DOLAR NOVA ZELANDIA','NZD');
insert into "VGT.DOMINIO_MOEDA"("id_dominio_moeda", "nome", "acronimo") values(154,'RIAL/OMA     ','OMR');
insert into "VGT.DOMINIO_MOEDA"("id_dominio_moeda", "nome", "acronimo") values(155,'EURO','EUR');
insert into "VGT.DOMINIO_MOEDA"("id_dominio_moeda", "nome", "acronimo") values(156,'BALBOA/PANAMA','PAB');
insert into "VGT.DOMINIO_MOEDA"("id_dominio_moeda", "nome", "acronimo") values(157,'KINA/PAPUA N GUIN','PGK');
insert into "VGT.DOMINIO_MOEDA"("id_dominio_moeda", "nome", "acronimo") values(158,'RUPIA/PAQUISTAO  ','PKR');
insert into "VGT.DOMINIO_MOEDA"("id_dominio_moeda", "nome", "acronimo") values(159,'GUARANI/PARAGUAI ','PYG');
insert into "VGT.DOMINIO_MOEDA"("id_dominio_moeda", "nome", "acronimo") values(160,'NOVO SOL/PERU','PEN');
insert into "VGT.DOMINIO_MOEDA"("id_dominio_moeda", "nome", "acronimo") values(161,'FRANCO CFP','XPF');
insert into "VGT.DOMINIO_MOEDA"("id_dominio_moeda", "nome", "acronimo") values(162,'ZLOTY/POLONIA','PLN');
insert into "VGT.DOMINIO_MOEDA"("id_dominio_moeda", "nome", "acronimo") values(163,'DOLAR DOS EUA','USD');
insert into "VGT.DOMINIO_MOEDA"("id_dominio_moeda", "nome", "acronimo") values(164,'EURO','EUR');
insert into "VGT.DOMINIO_MOEDA"("id_dominio_moeda", "nome", "acronimo") values(165,'XELIM/QUENIA ','KES');
insert into "VGT.DOMINIO_MOEDA"("id_dominio_moeda", "nome", "acronimo") values(166,'SOM QUIRGUISTAO','KGS');
insert into "VGT.DOMINIO_MOEDA"("id_dominio_moeda", "nome", "acronimo") values(167,'LIBRA ESTERLINA','GBP');
insert into "VGT.DOMINIO_MOEDA"("id_dominio_moeda", "nome", "acronimo") values(168,'FRANCO CFA BEAC','XAF');
insert into "VGT.DOMINIO_MOEDA"("id_dominio_moeda", "nome", "acronimo") values(169,'PESO/REP. DOMINIC','DOP');
insert into "VGT.DOMINIO_MOEDA"("id_dominio_moeda", "nome", "acronimo") values(170,'NOVO LEU/ROMENIA ','RON');
insert into "VGT.DOMINIO_MOEDA"("id_dominio_moeda", "nome", "acronimo") values(171,'FRANCO/RUANDA','RWF');
insert into "VGT.DOMINIO_MOEDA"("id_dominio_moeda", "nome", "acronimo") values(172,'RUBLO/RUSSIA ','RUB');
insert into "VGT.DOMINIO_MOEDA"("id_dominio_moeda", "nome", "acronimo") values(173,'GUILDER ANTILHAS HOLANDESAS','ANG');
insert into "VGT.DOMINIO_MOEDA"("id_dominio_moeda", "nome", "acronimo") values(174,'DOLAR IL SALOMAO','SBD');
insert into "VGT.DOMINIO_MOEDA"("id_dominio_moeda", "nome", "acronimo") values(175,'TALA SAMOA','WST');
insert into "VGT.DOMINIO_MOEDA"("id_dominio_moeda", "nome", "acronimo") values(176,'EURO','EUR');
insert into "VGT.DOMINIO_MOEDA"("id_dominio_moeda", "nome", "acronimo") values(177,'LIBRA/STA HELENA ','SHP');
insert into "VGT.DOMINIO_MOEDA"("id_dominio_moeda", "nome", "acronimo") values(178,'DOLAR CARIBE ORIENTAL','XCD');
insert into "VGT.DOMINIO_MOEDA"("id_dominio_moeda", "nome", "acronimo") values(179,'DOLAR CARIBE ORIENTAL','XCD');
insert into "VGT.DOMINIO_MOEDA"("id_dominio_moeda", "nome", "acronimo") values(180,'DOBRA S TOME PRIN','STD');
insert into "VGT.DOMINIO_MOEDA"("id_dominio_moeda", "nome", "acronimo") values(181,'DOLAR CARIBE ORIENTAL','XCD');
insert into "VGT.DOMINIO_MOEDA"("id_dominio_moeda", "nome", "acronimo") values(182,'FRANCO CFA BCEAO','XOF');
insert into "VGT.DOMINIO_MOEDA"("id_dominio_moeda", "nome", "acronimo") values(183,'LEONE/SERRA LEOA ','SLL');
insert into "VGT.DOMINIO_MOEDA"("id_dominio_moeda", "nome", "acronimo") values(184,'DINAR SERVIO SERVIA','RSD');
insert into "VGT.DOMINIO_MOEDA"("id_dominio_moeda", "nome", "acronimo") values(185,'RUPIA/SEYCHELES  ','SCR');
insert into "VGT.DOMINIO_MOEDA"("id_dominio_moeda", "nome", "acronimo") values(186,'LIBRA/SIRIA, REP ','SYP');
insert into "VGT.DOMINIO_MOEDA"("id_dominio_moeda", "nome", "acronimo") values(187,'XELIM/SOMALIA','SOS');
insert into "VGT.DOMINIO_MOEDA"("id_dominio_moeda", "nome", "acronimo") values(188,'RUPIA/SRI LANKA  ','LKR');
insert into "VGT.DOMINIO_MOEDA"("id_dominio_moeda", "nome", "acronimo") values(189,'LILANGENI/SUAZIL ','SZL');
insert into "VGT.DOMINIO_MOEDA"("id_dominio_moeda", "nome", "acronimo") values(190,'NOVA LIBRA SUDANESA','SDG');
insert into "VGT.DOMINIO_MOEDA"("id_dominio_moeda", "nome", "acronimo") values(191,'LIBRA SUL SUDANESA','SSP');
insert into "VGT.DOMINIO_MOEDA"("id_dominio_moeda", "nome", "acronimo") values(192,'COROA SUECA','SEK');
insert into "VGT.DOMINIO_MOEDA"("id_dominio_moeda", "nome", "acronimo") values(193,'FRANCO SUICO','CHF');
insert into "VGT.DOMINIO_MOEDA"("id_dominio_moeda", "nome", "acronimo") values(194,'DOLAR/SURINAME   ','SRD');
insert into "VGT.DOMINIO_MOEDA"("id_dominio_moeda", "nome", "acronimo") values(195,'SOMONI TADJIQUISTAO','TJS');
insert into "VGT.DOMINIO_MOEDA"("id_dominio_moeda", "nome", "acronimo") values(196,'BATH/TAILANDIA   ','THB');
insert into "VGT.DOMINIO_MOEDA"("id_dominio_moeda", "nome", "acronimo") values(197,'XELIM/TANZANIA   ','TZS');
insert into "VGT.DOMINIO_MOEDA"("id_dominio_moeda", "nome", "acronimo") values(198,'COROA TCHECA ','CZK');
insert into "VGT.DOMINIO_MOEDA"("id_dominio_moeda", "nome", "acronimo") values(199,'FRANCO CFA BCEAO','XOF');
insert into "VGT.DOMINIO_MOEDA"("id_dominio_moeda", "nome", "acronimo") values(200,'PAANGA/TONGA ','TOP');
insert into "VGT.DOMINIO_MOEDA"("id_dominio_moeda", "nome", "acronimo") values(201,'DOLAR/TRIN. TOBAG','TTD');
insert into "VGT.DOMINIO_MOEDA"("id_dominio_moeda", "nome", "acronimo") values(202,'DINAR/TUNISIA','TND');
insert into "VGT.DOMINIO_MOEDA"("id_dominio_moeda", "nome", "acronimo") values(203,'NOVO MANAT TURCOM','TMT');
insert into "VGT.DOMINIO_MOEDA"("id_dominio_moeda", "nome", "acronimo") values(204,'LIRA TURCA','TRY');
insert into "VGT.DOMINIO_MOEDA"("id_dominio_moeda", "nome", "acronimo") values(205,'HRYVNIA UCRANIA','UAH');
insert into "VGT.DOMINIO_MOEDA"("id_dominio_moeda", "nome", "acronimo") values(206,'XELIM/UGANDA ','UGX');
insert into "VGT.DOMINIO_MOEDA"("id_dominio_moeda", "nome", "acronimo") values(207,'PESO/URUGUAIO','UYU');
insert into "VGT.DOMINIO_MOEDA"("id_dominio_moeda", "nome", "acronimo") values(208,'SOM UZBEQUISTAO','UZS');
insert into "VGT.DOMINIO_MOEDA"("id_dominio_moeda", "nome", "acronimo") values(209,'VATU VANUATU','VUV');
insert into "VGT.DOMINIO_MOEDA"("id_dominio_moeda", "nome", "acronimo") values(210,'BOLIVAR SOBERANO VENEZUELANO','VES');
insert into "VGT.DOMINIO_MOEDA"("id_dominio_moeda", "nome", "acronimo") values(211,'BOLIVAR VENEZUELANO','VEF');
insert into "VGT.DOMINIO_MOEDA"("id_dominio_moeda", "nome", "acronimo") values(212,'DONGUE/VIETNAN   ','VND');
insert into "VGT.DOMINIO_MOEDA"("id_dominio_moeda", "nome", "acronimo") values(213,'DOLAR DOS EUA','USD');
insert into "VGT.DOMINIO_MOEDA"("id_dominio_moeda", "nome", "acronimo") values(214,'DOLAR DOS EUA','USD');
insert into "VGT.DOMINIO_MOEDA"("id_dominio_moeda", "nome", "acronimo") values(215,'QUACHA ZAMBIA','ZMW');
insert into "VGT.DOMINIO_MOEDA"("id_dominio_moeda", "nome", "acronimo") values(216,'DOLAR ZIMBABUE','ZWL');
insert into "VGT.DOMINIO_MOEDA"("id_dominio_moeda", "nome", "acronimo") values(217,'DIREITO ESPECIAL ','SDR');
insert into "VGT.DOMINIO_MOEDA"("id_dominio_moeda", "nome", "acronimo") values(218,'UNID.MONET.EUROP.','XEU');
insert into "VGT.DOMINIO_MOEDA"("id_dominio_moeda", "nome", "acronimo") values(219,'DOLAR OURO   ','XAU');




-- select * from "VGT.DOMINIO_MODULO"
insert into "VGT.DOMINIO_MODULO"("id_dominio_modulo", "modulo") values(1, 'TTC');
insert into "VGT.DOMINIO_MODULO"("id_dominio_modulo", "modulo") values(2, 'Tax Package');
insert into "VGT.DOMINIO_MODULO"("id_dominio_modulo", "modulo") values(3, 'Compliance');
insert into "VGT.DOMINIO_MODULO"("id_dominio_modulo", "modulo") values(4, 'Beps');
insert into "VGT.DOMINIO_MODULO"("id_dominio_modulo", "modulo") values(5, 'Admin');

-- select * from "VGT.DOMINIO_PAIS_STATUS"

insert into "VGT.DOMINIO_PAIS_STATUS"("id_dominio_pais_status", "status") values(1, 'Paraíso Fiscal');
insert into "VGT.DOMINIO_PAIS_STATUS"("id_dominio_pais_status", "status") values(2, 'Tributação Favorecida');
insert into "VGT.DOMINIO_PAIS_STATUS"("id_dominio_pais_status", "status") values(3, 'Regime Fiscal Privilegiado');
insert into "VGT.DOMINIO_PAIS_STATUS"("id_dominio_pais_status", "status") values(4, 'Normal');
insert into "VGT.DOMINIO_PAIS_STATUS"("id_dominio_pais_status", "status") values(5, 'Outros');

-- select * from "VGT.DOMINIO_PAIS_REGIAO"

insert into "VGT.DOMINIO_PAIS_REGIAO"("id_dominio_pais_regiao", "regiao") values(1, 'América do Norte');
insert into "VGT.DOMINIO_PAIS_REGIAO"("id_dominio_pais_regiao", "regiao") values(2, 'América do Sul');
insert into "VGT.DOMINIO_PAIS_REGIAO"("id_dominio_pais_regiao", "regiao") values(3, 'Europa');
insert into "VGT.DOMINIO_PAIS_REGIAO"("id_dominio_pais_regiao", "regiao") values(4, 'Ásia');
insert into "VGT.DOMINIO_PAIS_REGIAO"("id_dominio_pais_regiao", "regiao") values(5, 'África');
insert into "VGT.DOMINIO_PAIS_REGIAO"("id_dominio_pais_regiao", "regiao") values(6, 'Oceania');

-- select * from "VGT.DOMINIO_ALIQUOTA_TIPO"

insert into "VGT.DOMINIO_ALIQUOTA_TIPO"("id_dominio_aliquota_tipo", "tipo") values(1, 'País');
insert into "VGT.DOMINIO_ALIQUOTA_TIPO"("id_dominio_aliquota_tipo", "tipo") values(2, 'Empresa');

-- select * from "VGT.DOMINIO_DIFERENCA_TIPO"

insert into "VGT.DOMINIO_DIFERENCA_TIPO"("id_dominio_diferenca_tipo", "tipo") values(1, 'Permanente');
insert into "VGT.DOMINIO_DIFERENCA_TIPO"("id_dominio_diferenca_tipo", "tipo") values(2, 'Temporária');

-- select * from "VGT.DOMINIO_OBRIGACAO_ACESSORIA_TIPO"

insert into "VGT.DOMINIO_OBRIGACAO_ACESSORIA_TIPO"("id_dominio_obrigacao_acessoria_tipo", "tipo") values(1, 'Beps');
insert into "VGT.DOMINIO_OBRIGACAO_ACESSORIA_TIPO"("id_dominio_obrigacao_acessoria_tipo", "tipo") values(2, 'Compliance');

-- select * from "VGT.DOMINIO_TAX_CLASSIFICATION"

insert into "VGT.DOMINIO_TAX_CLASSIFICATION"("id_dominio_tax_classification", "classification") values(1, 'Tax Borne');
insert into "VGT.DOMINIO_TAX_CLASSIFICATION"("id_dominio_tax_classification", "classification") values(2, 'Tax Collected');

-- select * from "VGT.DOMINIO_EMPRESA_TIPO_SOCIETARIO"

insert into "VGT.DOMINIO_EMPRESA_TIPO_SOCIETARIO"("id_dominio_empresa_tipo_societario", "tipo_societario") values(1, 'Controlada Direta');
insert into "VGT.DOMINIO_EMPRESA_TIPO_SOCIETARIO"("id_dominio_empresa_tipo_societario", "tipo_societario") values(2, 'Controlada Indireta');

-- select * from "VGT.DOMINIO_EMPRESA_STATUS"

insert into "VGT.DOMINIO_EMPRESA_STATUS"("id_dominio_empresa_status", "status") values(1, 'Operacional');
insert into "VGT.DOMINIO_EMPRESA_STATUS"("id_dominio_empresa_status", "status") values(2, 'Pré Operacional');
insert into "VGT.DOMINIO_EMPRESA_STATUS"("id_dominio_empresa_status", "status") values(3, 'Dormente');
insert into "VGT.DOMINIO_EMPRESA_STATUS"("id_dominio_empresa_status", "status") values(4, 'Liquidada');
insert into "VGT.DOMINIO_EMPRESA_STATUS"("id_dominio_empresa_status", "status") values(5, 'Vendida');
insert into "VGT.DOMINIO_EMPRESA_STATUS"("id_dominio_empresa_status", "status") values(6, 'Incorporada');

-- select * from "VGT.DOMINIO_JURISDICAO"

insert into "VGT.DOMINIO_JURISDICAO"("id_dominio_jurisdicao", "jurisdicao") values(1, 'Federal');
insert into "VGT.DOMINIO_JURISDICAO"("id_dominio_jurisdicao", "jurisdicao") values(2, 'Estadual');
insert into "VGT.DOMINIO_JURISDICAO"("id_dominio_jurisdicao", "jurisdicao") values(3, 'Municipal');

-- select * from "VGT.DOMINIO_TIPO_TRANSACAO"

insert into "VGT.DOMINIO_TIPO_TRANSACAO"("id_dominio_tipo_transacao", "tipo_transacao") values(1, 'Cash Installment/Settlement');
insert into "VGT.DOMINIO_TIPO_TRANSACAO"("id_dominio_tipo_transacao", "tipo_transacao") values(2, 'Cash refund/reimbursement (negative value)');
insert into "VGT.DOMINIO_TIPO_TRANSACAO"("id_dominio_tipo_transacao", "tipo_transacao") values(3, 'Payment with income tax credits');
insert into "VGT.DOMINIO_TIPO_TRANSACAO"("id_dominio_tipo_transacao", "tipo_transacao") values(4, 'Payment with other tax credits');
insert into "VGT.DOMINIO_TIPO_TRANSACAO"("id_dominio_tipo_transacao", "tipo_transacao") values(5, 'Other (specify)');

-- select * from "VGT.DOMINIO_ACESSO_USUARIO"

insert into "VGT.DOMINIO_ACESSO_USUARIO" values (0,'Usuario');
insert into "VGT.DOMINIO_ACESSO_USUARIO" values (1,'Administrador');
insert into "VGT.DOMINIO_ACESSO_USUARIO" values (2,'UsuarioAdministrador');

-- VGT.DOMINIO_REQUISICAO_REABERTURA_STATUS

INSERT INTO "VGT.DOMINIO_REQUISICAO_REABERTURA_STATUS" VALUES( 1, 'Aguardando' );
INSERT INTO "VGT.DOMINIO_REQUISICAO_REABERTURA_STATUS" VALUES( 2, 'Aprovado' );
INSERT INTO "VGT.DOMINIO_REQUISICAO_REABERTURA_STATUS" VALUES( 3, 'Reprovado' );

-- VGT.DOMINIO_STATUS_OBRIGACAO
INSERT INTO "VGT.DOMINIO_STATUS_OBRIGACAO" VALUES(1, 'Não iniciada');
INSERT INTO "VGT.DOMINIO_STATUS_OBRIGACAO" VALUES(2, 'Aguardado');
INSERT INTO "VGT.DOMINIO_STATUS_OBRIGACAO" VALUES(3, 'Em Atraso');
INSERT INTO "VGT.DOMINIO_STATUS_OBRIGACAO" VALUES(4, 'Entregue no prazo');
INSERT INTO "VGT.DOMINIO_STATUS_OBRIGACAO" VALUES(5, 'Entregue fora do prazo');

-- VGT.DOMINIO_PERIODICIDADE_OBRIGACAO
INSERT INTO "VGT.DOMINIO_PERIODICIDADE_OBRIGACAO" VALUES(1,'Semanal');
INSERT INTO "VGT.DOMINIO_PERIODICIDADE_OBRIGACAO" VALUES(2,'Quinzenal');
INSERT INTO "VGT.DOMINIO_PERIODICIDADE_OBRIGACAO" VALUES(3,'Trimestral');
INSERT INTO "VGT.DOMINIO_PERIODICIDADE_OBRIGACAO" VALUES(4,'Mensal');
INSERT INTO "VGT.DOMINIO_PERIODICIDADE_OBRIGACAO" VALUES(5,'Semestral');
INSERT INTO "VGT.DOMINIO_PERIODICIDADE_OBRIGACAO" VALUES(6,'Anual');

-- VGT.DOMINIO_SCHEDULE_TIPO
INSERT INTO "VGT.DOMINIO_SCHEDULE_TIPO" VALUES(1, 'Loss');
INSERT INTO "VGT.DOMINIO_SCHEDULE_TIPO" VALUES(2, 'Credit');

-- VGT.DOMINIO_APROVACAO_OBRIGACAO
insert into "VGT.DOMINIO_APROVACAO_OBRIGACAO" VALUES (1,'Aguardando');
insert into "VGT.DOMINIO_APROVACAO_OBRIGACAO" VALUES (2,'Aprovado');
insert into "VGT.DOMINIO_APROVACAO_OBRIGACAO" VALUES (3,'Reprovado');

/*
	################ MISC ################
*/

/* Carga para TESTE */
/*
-- select * from "VGT.DOMINIO_ANO_CALENDARIO"

insert into "VGT.DOMINIO_ANO_CALENDARIO"("id_dominio_ano_calendario", "ano_calendario") values(1, 2015);
insert into "VGT.DOMINIO_ANO_CALENDARIO"("id_dominio_ano_calendario", "ano_calendario") values(2, 2016);
insert into "VGT.DOMINIO_ANO_CALENDARIO"("id_dominio_ano_calendario", "ano_calendario") values(3, 2017);
insert into "VGT.DOMINIO_ANO_CALENDARIO"("id_dominio_ano_calendario", "ano_calendario") values(4, 2018);
insert into "VGT.DOMINIO_ANO_CALENDARIO"("id_dominio_ano_calendario", "ano_calendario") values(5, 2019);
insert into "VGT.DOMINIO_ANO_CALENDARIO"("id_dominio_ano_calendario", "ano_calendario") values(6, 2020);

-- select * from "VGT.DOMINIO_ANO_FISCAL"

insert into "VGT.DOMINIO_ANO_FISCAL"("id_dominio_ano_fiscal", "ano_fiscal") values(1, 2015);
insert into "VGT.DOMINIO_ANO_FISCAL"("id_dominio_ano_fiscal", "ano_fiscal") values(2, 2016);
insert into "VGT.DOMINIO_ANO_FISCAL"("id_dominio_ano_fiscal", "ano_fiscal") values(3, 2017);
insert into "VGT.DOMINIO_ANO_FISCAL"("id_dominio_ano_fiscal", "ano_fiscal") values(4, 2018);
insert into "VGT.DOMINIO_ANO_FISCAL"("id_dominio_ano_fiscal", "ano_fiscal") values(5, 2019);
insert into "VGT.DOMINIO_ANO_FISCAL"("id_dominio_ano_fiscal", "ano_fiscal") values(6, 2020);

-- select * from "VGT.PERIODO"

-- Períodos de 2018
insert into "VGT.PERIODO"("id_periodo", "periodo", "fk_dominio_ano_calendario.id_dominio_ano_calendario", "fk_dominio_modulo.id_dominio_modulo", "numero_ordem") values(1, '1º Trimestre', 4, 1, 1);
insert into "VGT.PERIODO"("id_periodo", "periodo", "fk_dominio_ano_calendario.id_dominio_ano_calendario", "fk_dominio_modulo.id_dominio_modulo", "numero_ordem") values(2, '2º Trimestre', 4, 1, 2);
insert into "VGT.PERIODO"("id_periodo", "periodo", "fk_dominio_ano_calendario.id_dominio_ano_calendario", "fk_dominio_modulo.id_dominio_modulo", "numero_ordem") values(3, '3º Trimestre', 4, 1, 3);
insert into "VGT.PERIODO"("id_periodo", "periodo", "fk_dominio_ano_calendario.id_dominio_ano_calendario", "fk_dominio_modulo.id_dominio_modulo", "numero_ordem") values(4, '4º Trimestre', 4, 1, 4);
insert into "VGT.PERIODO"("id_periodo", "periodo", "fk_dominio_ano_calendario.id_dominio_ano_calendario", "fk_dominio_modulo.id_dominio_modulo", "numero_ordem") values(5, '1º Período', 4, 2, 1);
insert into "VGT.PERIODO"("id_periodo", "periodo", "fk_dominio_ano_calendario.id_dominio_ano_calendario", "fk_dominio_modulo.id_dominio_modulo", "numero_ordem") values(6, '2º Período', 4, 2, 2);
insert into "VGT.PERIODO"("id_periodo", "periodo", "fk_dominio_ano_calendario.id_dominio_ano_calendario", "fk_dominio_modulo.id_dominio_modulo", "numero_ordem") values(7, '3º Período', 4, 2, 3);
insert into "VGT.PERIODO"("id_periodo", "periodo", "fk_dominio_ano_calendario.id_dominio_ano_calendario", "fk_dominio_modulo.id_dominio_modulo", "numero_ordem") values(8, '4º Período', 4, 2, 4);
insert into "VGT.PERIODO"("id_periodo", "periodo", "fk_dominio_ano_calendario.id_dominio_ano_calendario", "fk_dominio_modulo.id_dominio_modulo", "numero_ordem") values(9, 'Anual', 4, 2, 5);
insert into "VGT.PERIODO"("id_periodo", "periodo", "fk_dominio_ano_calendario.id_dominio_ano_calendario", "fk_dominio_modulo.id_dominio_modulo", "numero_ordem") values(10, 'Retificadora', 4, 2, 6);

-- Períodos de 2017
insert into "VGT.PERIODO"("id_periodo", "periodo", "fk_dominio_ano_calendario.id_dominio_ano_calendario", "fk_dominio_modulo.id_dominio_modulo", "numero_ordem") values(11, '1º Trimestre', 3, 1, 1);
insert into "VGT.PERIODO"("id_periodo", "periodo", "fk_dominio_ano_calendario.id_dominio_ano_calendario", "fk_dominio_modulo.id_dominio_modulo", "numero_ordem") values(12, '2º Trimestre', 3, 1, 2);
insert into "VGT.PERIODO"("id_periodo", "periodo", "fk_dominio_ano_calendario.id_dominio_ano_calendario", "fk_dominio_modulo.id_dominio_modulo", "numero_ordem") values(13, '3º Trimestre', 3, 1, 3);
insert into "VGT.PERIODO"("id_periodo", "periodo", "fk_dominio_ano_calendario.id_dominio_ano_calendario", "fk_dominio_modulo.id_dominio_modulo", "numero_ordem") values(14, '4º Trimestre', 3, 1, 4);
insert into "VGT.PERIODO"("id_periodo", "periodo", "fk_dominio_ano_calendario.id_dominio_ano_calendario", "fk_dominio_modulo.id_dominio_modulo", "numero_ordem") values(15, '1º Período', 3, 2, 1);
insert into "VGT.PERIODO"("id_periodo", "periodo", "fk_dominio_ano_calendario.id_dominio_ano_calendario", "fk_dominio_modulo.id_dominio_modulo", "numero_ordem") values(16, '2º Período', 3, 2, 2);
insert into "VGT.PERIODO"("id_periodo", "periodo", "fk_dominio_ano_calendario.id_dominio_ano_calendario", "fk_dominio_modulo.id_dominio_modulo", "numero_ordem") values(17, '3º Período', 3, 2, 3);
insert into "VGT.PERIODO"("id_periodo", "periodo", "fk_dominio_ano_calendario.id_dominio_ano_calendario", "fk_dominio_modulo.id_dominio_modulo", "numero_ordem") values(18, '4º Período', 3, 2, 4);
insert into "VGT.PERIODO"("id_periodo", "periodo", "fk_dominio_ano_calendario.id_dominio_ano_calendario", "fk_dominio_modulo.id_dominio_modulo", "numero_ordem") values(19, 'Anual', 3, 2, 5);
insert into "VGT.PERIODO"("id_periodo", "periodo", "fk_dominio_ano_calendario.id_dominio_ano_calendario", "fk_dominio_modulo.id_dominio_modulo", "numero_ordem") values(20, 'Retificadora', 3, 2, 6);

-- select * from "VGT.REL_EMPRESA_MODULO"

-- Relacionamentos Empresa x Períodos de 2018 para o TTC
insert into "VGT.REL_EMPRESA_PERIODO"("fk_empresa.id_empresa", "fk_periodo.id_periodo", "ind_ativo") values(1, 1, false);
insert into "VGT.REL_EMPRESA_PERIODO"("fk_empresa.id_empresa", "fk_periodo.id_periodo", "ind_ativo") values(1, 2, false);
insert into "VGT.REL_EMPRESA_PERIODO"("fk_empresa.id_empresa", "fk_periodo.id_periodo", "ind_ativo") values(1, 3, false);
insert into "VGT.REL_EMPRESA_PERIODO"("fk_empresa.id_empresa", "fk_periodo.id_periodo", "ind_ativo") values(1, 4, true);
insert into "VGT.REL_EMPRESA_PERIODO"("fk_empresa.id_empresa", "fk_periodo.id_periodo", "ind_ativo") values(1, 5, false);
insert into "VGT.REL_EMPRESA_PERIODO"("fk_empresa.id_empresa", "fk_periodo.id_periodo", "ind_ativo") values(1, 6, false);
insert into "VGT.REL_EMPRESA_PERIODO"("fk_empresa.id_empresa", "fk_periodo.id_periodo", "ind_ativo") values(1, 7, false);
insert into "VGT.REL_EMPRESA_PERIODO"("fk_empresa.id_empresa", "fk_periodo.id_periodo", "ind_ativo") values(1, 8, true);
insert into "VGT.REL_EMPRESA_PERIODO"("fk_empresa.id_empresa", "fk_periodo.id_periodo", "ind_ativo") values(1, 9, false);
insert into "VGT.REL_EMPRESA_PERIODO"("fk_empresa.id_empresa", "fk_periodo.id_periodo", "ind_ativo") values(1, 10, false);

-- select * from "VGT.TAX_PACKAGE"

-- Relacionamento de Empresa x Tax Package
insert into "VGT.TAX_PACKAGE"("id_tax_package", "fk_empresa.id_empresa", "fk_dominio_moeda.id_dominio_moeda") values(1, 1, null);

-- select * from "VGT.REL_TAX_PACKAGE_PERIODO"

-- Relacionamentos Tax Package x Períodos de 2018 para o TP
insert into "VGT.REL_TAX_PACKAGE_PERIODO"("id_rel_tax_package_periodo", "fk_tax_package.id_tax_package", "fk_periodo.id_periodo", "ind_ativo", "status_envio", "data_envio") values(1, 1, 5, false, 0, null);
insert into "VGT.REL_TAX_PACKAGE_PERIODO"("id_rel_tax_package_periodo", "fk_tax_package.id_tax_package", "fk_periodo.id_periodo", "ind_ativo", "status_envio", "data_envio") values(2, 1, 6, false, 0, null);
insert into "VGT.REL_TAX_PACKAGE_PERIODO"("id_rel_tax_package_periodo", "fk_tax_package.id_tax_package", "fk_periodo.id_periodo", "ind_ativo", "status_envio", "data_envio") values(3, 1, 7, false, 0, null);
insert into "VGT.REL_TAX_PACKAGE_PERIODO"("id_rel_tax_package_periodo", "fk_tax_package.id_tax_package", "fk_periodo.id_periodo", "ind_ativo", "status_envio", "data_envio") values(4, 1, 8, true, 0, null);
insert into "VGT.REL_TAX_PACKAGE_PERIODO"("id_rel_tax_package_periodo", "fk_tax_package.id_tax_package", "fk_periodo.id_periodo", "ind_ativo", "status_envio", "data_envio") values(5, 1, 9, false, 0, null);
insert into "VGT.REL_TAX_PACKAGE_PERIODO"("id_rel_tax_package_periodo", "fk_tax_package.id_tax_package", "fk_periodo.id_periodo", "ind_ativo", "status_envio", "data_envio") values(6, 1, 10, false, 0, null);
insert into "VGT.REL_TAX_PACKAGE_PERIODO"("id_rel_tax_package_periodo", "fk_tax_package.id_tax_package", "fk_periodo.id_periodo", "ind_ativo", "status_envio", "data_envio") values(7, 1, 15, false, 0, null);
insert into "VGT.REL_TAX_PACKAGE_PERIODO"("id_rel_tax_package_periodo", "fk_tax_package.id_tax_package", "fk_periodo.id_periodo", "ind_ativo", "status_envio", "data_envio") values(8, 1, 16, false, 0, null);
insert into "VGT.REL_TAX_PACKAGE_PERIODO"("id_rel_tax_package_periodo", "fk_tax_package.id_tax_package", "fk_periodo.id_periodo", "ind_ativo", "status_envio", "data_envio") values(9, 1, 17, false, 0, null);
insert into "VGT.REL_TAX_PACKAGE_PERIODO"("id_rel_tax_package_periodo", "fk_tax_package.id_tax_package", "fk_periodo.id_periodo", "ind_ativo", "status_envio", "data_envio") values(10, 1, 18, false, 0, null);
insert into "VGT.REL_TAX_PACKAGE_PERIODO"("id_rel_tax_package_periodo", "fk_tax_package.id_tax_package", "fk_periodo.id_periodo", "ind_ativo", "status_envio", "data_envio") values(11, 1, 19, false, 0, null);
insert into "VGT.REL_TAX_PACKAGE_PERIODO"("id_rel_tax_package_periodo", "fk_tax_package.id_tax_package", "fk_periodo.id_periodo", "ind_ativo", "status_envio", "data_envio") values(12, 1, 20, false, 0, null);
*/

/* Queries */

-- Query inicial da listagem de empresas do TTC
/*select classification."classification" "tax_classification",
		moeda."acronimo" "moeda",
		SUM(pagamento."total") "valor"
from "VGT.EMPRESA" empresa
	inner join "VGT.REL_EMPRESA_MOD_PERIODO" rel
		on empresa."id_empresa" = rel."fk_empresa.id_empresa"
	inner join "VGT.REL_MODULO_PERIODO" rel_modulo_periodo
		on rel_modulo_periodo."id_rel_modulo_periodo" = rel."fk_mod_periodo.id_rel_modulo_periodo"
	inner join "VGT.PERIODO" periodo
		on periodo."id_periodo" = rel_modulo_periodo."fk_periodo.id_periodo"
	left outer join "VGT.PAGAMENTO" pagamento
		on pagamento."fk_mod_periodo.fk_empresa.id_empresa" = empresa."id_empresa"
	left outer join "VGT.DOMINIO_MOEDA" moeda
		on moeda."id_dominio_moeda" = pagamento."fk_dominio_moeda.id_dominio_moeda"
	left outer join "VGT.NAME_OF_TAX" nameOfTax
		on nameOfTax."id_name_of_tax" = pagamento."fk_name_of_tax.id_name_of_tax"
	left outer join "VGT.TAX" tax
		on tax."id_tax" = nameOfTax."fk_tax.id_tax"
	left outer join "VGT.TAX_CATEGORY" taxCategory
		on taxCategory."id_tax_category" = tax."fk_category.id_tax_category"
	left outer join "VGT.DOMINIO_TAX_CLASSIFICATION" classification
		on classification."id_dominio_tax_classification" = taxCategory."fk_dominio_tax_classification.id_dominio_tax_classification"
where
	empresa."id_empresa" = 1
	and periodo."fk_dominio_ano_calendario.id_dominio_ano_calendario" = 1
group by classification."classification", moeda."acronimo"

select SUM(pagamento."total")
from "VGT.PAGAMENTO" pagamento
inner join "VGT.DOMINIO_MOEDA" moeda
on pagamento."fk_dominio_moeda.id_dominio_moeda" = moeda."id_dominio_moeda"
inner join "VGT.NAME_OF_TAX" nameOfTax
on pagamento."fk_name_of_tax.id_name_of_tax" = nameOfTax."id_name_of_tax"
inner join "VGT.TAX" tax
on nameOfTax."fk_tax.id_tax" = tax."id_tax"
inner join "VGT.TAX_CATEGORY" taxCategory
on tax."fk_category.id_tax_category" = taxCategory."id_tax_category"
inner join "VGT.REL_EMPRESA_PERIODO" rel
on pagamento."fk_periodo.id_periodo" = rel."fk_periodo.id_periodo"
inner join "VGT.PERIODO" periodo
on rel."fk_periodo.id_periodo" = periodo."id_periodo"
where
pagamento."data_pagamento" between '2018-01-01' and '2018-12-31'
and pagamento."fk_dominio_moeda.id_dominio_moeda" = 6
and taxCategory."fk_dominio_tax_classification.id_dominio_tax_classification" = 1
and periodo."fk_dominio_ano_calendario.id_dominio_ano_calendario" = 4
and pagamento."fk_empresa.id_empresa" = 1


select distinct moeda."id_dominio_moeda", moeda."acronimo"
from "VGT.PAGAMENTO" pagamento
inner join "VGT.DOMINIO_MOEDA" moeda
on pagamento."fk_dominio_moeda.id_dominio_moeda" = moeda."id_dominio_moeda"
inner join "VGT.NAME_OF_TAX" nameOfTax
on pagamento."fk_name_of_tax.id_name_of_tax" = nameOfTax."id_name_of_tax"
inner join "VGT.TAX" tax
on nameOfTax."fk_tax.id_tax" = tax."id_tax"
inner join "VGT.TAX_CATEGORY" taxCategory
on tax."fk_category.id_tax_category" = taxCategory."id_tax_category"
inner join "VGT.REL_EMPRESA_PERIODO" rel
on pagamento."fk_periodo.id_periodo" = rel."fk_periodo.id_periodo"
where
pagamento."data_pagamento" between '2018-01-01' and '2018-03-31'
and pagamento."fk_periodo.id_periodo" in (
	select periodo."id_periodo"
	from "VGT.REL_EMPRESA_PERIODO" rel
	inner join "VGT.PERIODO" periodo
	on rel."fk_periodo.id_periodo" = periodo."id_periodo"
	where
	periodo."fk_dominio_modulo.id_dominio_modulo" = 1
	and periodo."fk_dominio_ano_calendario.id_dominio_ano_calendario" = 4
	and rel."fk_empresa.id_empresa" = 1	
)*/

/*
update "VGT.REL_EMPRESA_PERIODO" set "ind_ativo" = true where "fk_empresa.id_empresa" = 1 and "fk_periodo.id_periodo" = 4
*/
