/*
	################ DOMÍNIO ################
*/

-- select * from "VGT.DOMINIO_PAIS"

insert into "VGT.DOMINIO_PAIS"("id_dominio_pais", "pais") values(1,'Afeganistão');
insert into "VGT.DOMINIO_PAIS"("id_dominio_pais", "pais") values(2,'África do Sul');
insert into "VGT.DOMINIO_PAIS"("id_dominio_pais", "pais") values(3,'Albânia');
insert into "VGT.DOMINIO_PAIS"("id_dominio_pais", "pais") values(4,'Alemanha');
insert into "VGT.DOMINIO_PAIS"("id_dominio_pais", "pais") values(5,'Andorra');
insert into "VGT.DOMINIO_PAIS"("id_dominio_pais", "pais") values(6,'Angola');
insert into "VGT.DOMINIO_PAIS"("id_dominio_pais", "pais") values(7,'Antiga e Barbuda');
insert into "VGT.DOMINIO_PAIS"("id_dominio_pais", "pais") values(8,'Arábia Saudita');
insert into "VGT.DOMINIO_PAIS"("id_dominio_pais", "pais") values(9,'Argélia');
insert into "VGT.DOMINIO_PAIS"("id_dominio_pais", "pais") values(10,'Argentina');
insert into "VGT.DOMINIO_PAIS"("id_dominio_pais", "pais") values(11,'Arménia');
insert into "VGT.DOMINIO_PAIS"("id_dominio_pais", "pais") values(12,'Austrália');
insert into "VGT.DOMINIO_PAIS"("id_dominio_pais", "pais") values(13,'Áustria');
insert into "VGT.DOMINIO_PAIS"("id_dominio_pais", "pais") values(14,'Azerbaijão');
insert into "VGT.DOMINIO_PAIS"("id_dominio_pais", "pais") values(15,'Bahamas');
insert into "VGT.DOMINIO_PAIS"("id_dominio_pais", "pais") values(16,'Bangladexe');
insert into "VGT.DOMINIO_PAIS"("id_dominio_pais", "pais") values(17,'Barbados');
insert into "VGT.DOMINIO_PAIS"("id_dominio_pais", "pais") values(18,'Barém');
insert into "VGT.DOMINIO_PAIS"("id_dominio_pais", "pais") values(19,'Bélgica');
insert into "VGT.DOMINIO_PAIS"("id_dominio_pais", "pais") values(20,'Belize');
insert into "VGT.DOMINIO_PAIS"("id_dominio_pais", "pais") values(21,'Benim');
insert into "VGT.DOMINIO_PAIS"("id_dominio_pais", "pais") values(22,'Bielorrússia');
insert into "VGT.DOMINIO_PAIS"("id_dominio_pais", "pais") values(23,'Bolívia');
insert into "VGT.DOMINIO_PAIS"("id_dominio_pais", "pais") values(24,'Bósnia e Herzegovina');
insert into "VGT.DOMINIO_PAIS"("id_dominio_pais", "pais") values(25,'Botsuana');
insert into "VGT.DOMINIO_PAIS"("id_dominio_pais", "pais") values(26,'Brasil');
insert into "VGT.DOMINIO_PAIS"("id_dominio_pais", "pais") values(27,'Brunei');
insert into "VGT.DOMINIO_PAIS"("id_dominio_pais", "pais") values(28,'Bulgária');
insert into "VGT.DOMINIO_PAIS"("id_dominio_pais", "pais") values(29,'Burquina Faso');
insert into "VGT.DOMINIO_PAIS"("id_dominio_pais", "pais") values(30,'Burúndi');
insert into "VGT.DOMINIO_PAIS"("id_dominio_pais", "pais") values(31,'Butão');
insert into "VGT.DOMINIO_PAIS"("id_dominio_pais", "pais") values(32,'Cabo Verde');
insert into "VGT.DOMINIO_PAIS"("id_dominio_pais", "pais") values(33,'Camarões');
insert into "VGT.DOMINIO_PAIS"("id_dominio_pais", "pais") values(34,'Camboja');
insert into "VGT.DOMINIO_PAIS"("id_dominio_pais", "pais") values(35,'Canadá');
insert into "VGT.DOMINIO_PAIS"("id_dominio_pais", "pais") values(36,'Catar');
insert into "VGT.DOMINIO_PAIS"("id_dominio_pais", "pais") values(37,'Cazaquistão');
insert into "VGT.DOMINIO_PAIS"("id_dominio_pais", "pais") values(38,'Chade');
insert into "VGT.DOMINIO_PAIS"("id_dominio_pais", "pais") values(39,'Chile');
insert into "VGT.DOMINIO_PAIS"("id_dominio_pais", "pais") values(40,'China');
insert into "VGT.DOMINIO_PAIS"("id_dominio_pais", "pais") values(41,'Chipre');
insert into "VGT.DOMINIO_PAIS"("id_dominio_pais", "pais") values(42,'Colômbia');
insert into "VGT.DOMINIO_PAIS"("id_dominio_pais", "pais") values(43,'Comores');
insert into "VGT.DOMINIO_PAIS"("id_dominio_pais", "pais") values(44,'Congo-Brazzaville');
insert into "VGT.DOMINIO_PAIS"("id_dominio_pais", "pais") values(45,'Coreia do Norte');
insert into "VGT.DOMINIO_PAIS"("id_dominio_pais", "pais") values(46,'Coreia do Sul');
insert into "VGT.DOMINIO_PAIS"("id_dominio_pais", "pais") values(47,'Cosovo');
insert into "VGT.DOMINIO_PAIS"("id_dominio_pais", "pais") values(48,'Costa do Marfim');
insert into "VGT.DOMINIO_PAIS"("id_dominio_pais", "pais") values(49,'Costa Rica');
insert into "VGT.DOMINIO_PAIS"("id_dominio_pais", "pais") values(50,'Croácia');
insert into "VGT.DOMINIO_PAIS"("id_dominio_pais", "pais") values(51,'Cuaite');
insert into "VGT.DOMINIO_PAIS"("id_dominio_pais", "pais") values(52,'Cuba');
insert into "VGT.DOMINIO_PAIS"("id_dominio_pais", "pais") values(53,'Dinamarca');
insert into "VGT.DOMINIO_PAIS"("id_dominio_pais", "pais") values(54,'Dominica');
insert into "VGT.DOMINIO_PAIS"("id_dominio_pais", "pais") values(55,'Egito');
insert into "VGT.DOMINIO_PAIS"("id_dominio_pais", "pais") values(56,'Emirados Árabes Unidos');
insert into "VGT.DOMINIO_PAIS"("id_dominio_pais", "pais") values(57,'Equador');
insert into "VGT.DOMINIO_PAIS"("id_dominio_pais", "pais") values(58,'Eritreia');
insert into "VGT.DOMINIO_PAIS"("id_dominio_pais", "pais") values(59,'Eslováquia');
insert into "VGT.DOMINIO_PAIS"("id_dominio_pais", "pais") values(60,'Eslovénia');
insert into "VGT.DOMINIO_PAIS"("id_dominio_pais", "pais") values(61,'Espanha');
insert into "VGT.DOMINIO_PAIS"("id_dominio_pais", "pais") values(62,'Estado da Palestina');
insert into "VGT.DOMINIO_PAIS"("id_dominio_pais", "pais") values(63,'Estados Unidos');
insert into "VGT.DOMINIO_PAIS"("id_dominio_pais", "pais") values(64,'Estónia');
insert into "VGT.DOMINIO_PAIS"("id_dominio_pais", "pais") values(65,'Etiópia');
insert into "VGT.DOMINIO_PAIS"("id_dominio_pais", "pais") values(66,'Fiji');
insert into "VGT.DOMINIO_PAIS"("id_dominio_pais", "pais") values(67,'Filipinas');
insert into "VGT.DOMINIO_PAIS"("id_dominio_pais", "pais") values(68,'Finlândia');
insert into "VGT.DOMINIO_PAIS"("id_dominio_pais", "pais") values(69,'França');
insert into "VGT.DOMINIO_PAIS"("id_dominio_pais", "pais") values(70,'Gabão');
insert into "VGT.DOMINIO_PAIS"("id_dominio_pais", "pais") values(71,'Gâmbia');
insert into "VGT.DOMINIO_PAIS"("id_dominio_pais", "pais") values(72,'Gana');
insert into "VGT.DOMINIO_PAIS"("id_dominio_pais", "pais") values(73,'Geórgia');
insert into "VGT.DOMINIO_PAIS"("id_dominio_pais", "pais") values(74,'Granada');
insert into "VGT.DOMINIO_PAIS"("id_dominio_pais", "pais") values(75,'Grécia');
insert into "VGT.DOMINIO_PAIS"("id_dominio_pais", "pais") values(76,'Guatemala');
insert into "VGT.DOMINIO_PAIS"("id_dominio_pais", "pais") values(77,'Guiana');
insert into "VGT.DOMINIO_PAIS"("id_dominio_pais", "pais") values(78,'Guiné');
insert into "VGT.DOMINIO_PAIS"("id_dominio_pais", "pais") values(79,'Guiné Equatorial');
insert into "VGT.DOMINIO_PAIS"("id_dominio_pais", "pais") values(80,'Guiné-Bissau');
insert into "VGT.DOMINIO_PAIS"("id_dominio_pais", "pais") values(81,'Haiti');
insert into "VGT.DOMINIO_PAIS"("id_dominio_pais", "pais") values(82,'Honduras');
insert into "VGT.DOMINIO_PAIS"("id_dominio_pais", "pais") values(83,'Hungria');
insert into "VGT.DOMINIO_PAIS"("id_dominio_pais", "pais") values(84,'Iémen');
insert into "VGT.DOMINIO_PAIS"("id_dominio_pais", "pais") values(85,'Ilhas Marechal');
insert into "VGT.DOMINIO_PAIS"("id_dominio_pais", "pais") values(86,'Índia');
insert into "VGT.DOMINIO_PAIS"("id_dominio_pais", "pais") values(87,'Indonésia');
insert into "VGT.DOMINIO_PAIS"("id_dominio_pais", "pais") values(88,'Irão');
insert into "VGT.DOMINIO_PAIS"("id_dominio_pais", "pais") values(89,'Iraque');
insert into "VGT.DOMINIO_PAIS"("id_dominio_pais", "pais") values(90,'Irlanda');
insert into "VGT.DOMINIO_PAIS"("id_dominio_pais", "pais") values(91,'Islândia');
insert into "VGT.DOMINIO_PAIS"("id_dominio_pais", "pais") values(92,'Israel');
insert into "VGT.DOMINIO_PAIS"("id_dominio_pais", "pais") values(93,'Itália');
insert into "VGT.DOMINIO_PAIS"("id_dominio_pais", "pais") values(94,'Jamaica');
insert into "VGT.DOMINIO_PAIS"("id_dominio_pais", "pais") values(95,'Japão');
insert into "VGT.DOMINIO_PAIS"("id_dominio_pais", "pais") values(96,'Jibuti');
insert into "VGT.DOMINIO_PAIS"("id_dominio_pais", "pais") values(97,'Jordânia');
insert into "VGT.DOMINIO_PAIS"("id_dominio_pais", "pais") values(98,'Laus');
insert into "VGT.DOMINIO_PAIS"("id_dominio_pais", "pais") values(99,'Lesoto');
insert into "VGT.DOMINIO_PAIS"("id_dominio_pais", "pais") values(100,'Letónia');
insert into "VGT.DOMINIO_PAIS"("id_dominio_pais", "pais") values(101,'Líbano');
insert into "VGT.DOMINIO_PAIS"("id_dominio_pais", "pais") values(102,'Libéria');
insert into "VGT.DOMINIO_PAIS"("id_dominio_pais", "pais") values(103,'Líbia');
insert into "VGT.DOMINIO_PAIS"("id_dominio_pais", "pais") values(104,'Listenstaine');
insert into "VGT.DOMINIO_PAIS"("id_dominio_pais", "pais") values(105,'Lituânia');
insert into "VGT.DOMINIO_PAIS"("id_dominio_pais", "pais") values(106,'Luxemburgo');
insert into "VGT.DOMINIO_PAIS"("id_dominio_pais", "pais") values(107,'Macedónia');
insert into "VGT.DOMINIO_PAIS"("id_dominio_pais", "pais") values(108,'Madagáscar');
insert into "VGT.DOMINIO_PAIS"("id_dominio_pais", "pais") values(109,'Malásia');
insert into "VGT.DOMINIO_PAIS"("id_dominio_pais", "pais") values(110,'Maláui');
insert into "VGT.DOMINIO_PAIS"("id_dominio_pais", "pais") values(111,'Maldivas');
insert into "VGT.DOMINIO_PAIS"("id_dominio_pais", "pais") values(112,'Mali');
insert into "VGT.DOMINIO_PAIS"("id_dominio_pais", "pais") values(113,'Malta');
insert into "VGT.DOMINIO_PAIS"("id_dominio_pais", "pais") values(114,'Marrocos');
insert into "VGT.DOMINIO_PAIS"("id_dominio_pais", "pais") values(115,'Maurícia');
insert into "VGT.DOMINIO_PAIS"("id_dominio_pais", "pais") values(116,'Mauritânia');
insert into "VGT.DOMINIO_PAIS"("id_dominio_pais", "pais") values(117,'México');
insert into "VGT.DOMINIO_PAIS"("id_dominio_pais", "pais") values(118,'Mianmar');
insert into "VGT.DOMINIO_PAIS"("id_dominio_pais", "pais") values(119,'Micronésia');
insert into "VGT.DOMINIO_PAIS"("id_dominio_pais", "pais") values(120,'Moçambique');
insert into "VGT.DOMINIO_PAIS"("id_dominio_pais", "pais") values(121,'Moldávia');
insert into "VGT.DOMINIO_PAIS"("id_dominio_pais", "pais") values(122,'Mónaco');
insert into "VGT.DOMINIO_PAIS"("id_dominio_pais", "pais") values(123,'Mongólia');
insert into "VGT.DOMINIO_PAIS"("id_dominio_pais", "pais") values(124,'Montenegro');
insert into "VGT.DOMINIO_PAIS"("id_dominio_pais", "pais") values(125,'Namíbia');
insert into "VGT.DOMINIO_PAIS"("id_dominio_pais", "pais") values(126,'Nauru');
insert into "VGT.DOMINIO_PAIS"("id_dominio_pais", "pais") values(127,'Nepal');
insert into "VGT.DOMINIO_PAIS"("id_dominio_pais", "pais") values(128,'Nicarágua');
insert into "VGT.DOMINIO_PAIS"("id_dominio_pais", "pais") values(129,'Níger');
insert into "VGT.DOMINIO_PAIS"("id_dominio_pais", "pais") values(130,'Nigéria');
insert into "VGT.DOMINIO_PAIS"("id_dominio_pais", "pais") values(131,'Noruega');
insert into "VGT.DOMINIO_PAIS"("id_dominio_pais", "pais") values(132,'Nova Zelândia');
insert into "VGT.DOMINIO_PAIS"("id_dominio_pais", "pais") values(133,'Omã');
insert into "VGT.DOMINIO_PAIS"("id_dominio_pais", "pais") values(134,'Países Baixos');
insert into "VGT.DOMINIO_PAIS"("id_dominio_pais", "pais") values(135,'Palau');
insert into "VGT.DOMINIO_PAIS"("id_dominio_pais", "pais") values(136,'Panamá');
insert into "VGT.DOMINIO_PAIS"("id_dominio_pais", "pais") values(137,'Papua Nova Guiné');
insert into "VGT.DOMINIO_PAIS"("id_dominio_pais", "pais") values(138,'Paquistão');
insert into "VGT.DOMINIO_PAIS"("id_dominio_pais", "pais") values(139,'Paraguai');
insert into "VGT.DOMINIO_PAIS"("id_dominio_pais", "pais") values(140,'Peru');
insert into "VGT.DOMINIO_PAIS"("id_dominio_pais", "pais") values(141,'Polónia');
insert into "VGT.DOMINIO_PAIS"("id_dominio_pais", "pais") values(142,'Portugal');
insert into "VGT.DOMINIO_PAIS"("id_dominio_pais", "pais") values(143,'Quénia');
insert into "VGT.DOMINIO_PAIS"("id_dominio_pais", "pais") values(144,'Quirguistão');
insert into "VGT.DOMINIO_PAIS"("id_dominio_pais", "pais") values(145,'Quiribáti');
insert into "VGT.DOMINIO_PAIS"("id_dominio_pais", "pais") values(146,'Reino Unido');
insert into "VGT.DOMINIO_PAIS"("id_dominio_pais", "pais") values(147,'República Centro-Africana');
insert into "VGT.DOMINIO_PAIS"("id_dominio_pais", "pais") values(148,'República Checa');
insert into "VGT.DOMINIO_PAIS"("id_dominio_pais", "pais") values(149,'República Democrática do Congo');
insert into "VGT.DOMINIO_PAIS"("id_dominio_pais", "pais") values(150,'República Dominicana');
insert into "VGT.DOMINIO_PAIS"("id_dominio_pais", "pais") values(151,'Roménia');
insert into "VGT.DOMINIO_PAIS"("id_dominio_pais", "pais") values(152,'Ruanda');
insert into "VGT.DOMINIO_PAIS"("id_dominio_pais", "pais") values(153,'Rússia');
insert into "VGT.DOMINIO_PAIS"("id_dominio_pais", "pais") values(154,'Salomão');
insert into "VGT.DOMINIO_PAIS"("id_dominio_pais", "pais") values(155,'Salvador');
insert into "VGT.DOMINIO_PAIS"("id_dominio_pais", "pais") values(156,'Samoa');
insert into "VGT.DOMINIO_PAIS"("id_dominio_pais", "pais") values(157,'Santa Lúcia');
insert into "VGT.DOMINIO_PAIS"("id_dominio_pais", "pais") values(158,'São Cristóvão e Neves');
insert into "VGT.DOMINIO_PAIS"("id_dominio_pais", "pais") values(159,'São Marinho');
insert into "VGT.DOMINIO_PAIS"("id_dominio_pais", "pais") values(160,'São Tomé e Príncipe');
insert into "VGT.DOMINIO_PAIS"("id_dominio_pais", "pais") values(161,'São Vicente e Granadinas');
insert into "VGT.DOMINIO_PAIS"("id_dominio_pais", "pais") values(162,'Seicheles');
insert into "VGT.DOMINIO_PAIS"("id_dominio_pais", "pais") values(163,'Senegal');
insert into "VGT.DOMINIO_PAIS"("id_dominio_pais", "pais") values(164,'Serra Leoa');
insert into "VGT.DOMINIO_PAIS"("id_dominio_pais", "pais") values(165,'Sérvia');
insert into "VGT.DOMINIO_PAIS"("id_dominio_pais", "pais") values(166,'Singapura');
insert into "VGT.DOMINIO_PAIS"("id_dominio_pais", "pais") values(167,'Síria');
insert into "VGT.DOMINIO_PAIS"("id_dominio_pais", "pais") values(168,'Somália');
insert into "VGT.DOMINIO_PAIS"("id_dominio_pais", "pais") values(169,'Sri Lanca');
insert into "VGT.DOMINIO_PAIS"("id_dominio_pais", "pais") values(170,'Suazilândia');
insert into "VGT.DOMINIO_PAIS"("id_dominio_pais", "pais") values(171,'Sudão');
insert into "VGT.DOMINIO_PAIS"("id_dominio_pais", "pais") values(172,'Sudão do Sul');
insert into "VGT.DOMINIO_PAIS"("id_dominio_pais", "pais") values(173,'Suécia');
insert into "VGT.DOMINIO_PAIS"("id_dominio_pais", "pais") values(174,'Suíça');
insert into "VGT.DOMINIO_PAIS"("id_dominio_pais", "pais") values(175,'Suriname');
insert into "VGT.DOMINIO_PAIS"("id_dominio_pais", "pais") values(176,'Tailândia');
insert into "VGT.DOMINIO_PAIS"("id_dominio_pais", "pais") values(177,'Taiuã');
insert into "VGT.DOMINIO_PAIS"("id_dominio_pais", "pais") values(178,'Tajiquistão');
insert into "VGT.DOMINIO_PAIS"("id_dominio_pais", "pais") values(179,'Tanzânia');
insert into "VGT.DOMINIO_PAIS"("id_dominio_pais", "pais") values(180,'Timor-Leste');
insert into "VGT.DOMINIO_PAIS"("id_dominio_pais", "pais") values(181,'Togo');
insert into "VGT.DOMINIO_PAIS"("id_dominio_pais", "pais") values(182,'Tonga');
insert into "VGT.DOMINIO_PAIS"("id_dominio_pais", "pais") values(183,'Trindade e Tobago');
insert into "VGT.DOMINIO_PAIS"("id_dominio_pais", "pais") values(184,'Tunísia');
insert into "VGT.DOMINIO_PAIS"("id_dominio_pais", "pais") values(185,'Turcomenistão');
insert into "VGT.DOMINIO_PAIS"("id_dominio_pais", "pais") values(186,'Turquia');
insert into "VGT.DOMINIO_PAIS"("id_dominio_pais", "pais") values(187,'Tuvalu');
insert into "VGT.DOMINIO_PAIS"("id_dominio_pais", "pais") values(188,'Ucrânia');
insert into "VGT.DOMINIO_PAIS"("id_dominio_pais", "pais") values(189,'Uganda');
insert into "VGT.DOMINIO_PAIS"("id_dominio_pais", "pais") values(190,'Uruguai');
insert into "VGT.DOMINIO_PAIS"("id_dominio_pais", "pais") values(191,'Usbequistão');
insert into "VGT.DOMINIO_PAIS"("id_dominio_pais", "pais") values(192,'Vanuatu');
insert into "VGT.DOMINIO_PAIS"("id_dominio_pais", "pais") values(193,'Vaticano');
insert into "VGT.DOMINIO_PAIS"("id_dominio_pais", "pais") values(194,'Venezuela');
insert into "VGT.DOMINIO_PAIS"("id_dominio_pais", "pais") values(195,'Vietname');
insert into "VGT.DOMINIO_PAIS"("id_dominio_pais", "pais") values(196,'Zâmbia');
insert into "VGT.DOMINIO_PAIS"("id_dominio_pais", "pais") values(197,'Zimbábue');

-- select * from "VGT.DOMINIO_MOEDA"

insert into "VGT.DOMINIO_MOEDA"("id_dominio_moeda", "nome", "acronimo") values(1, 'Australia Dollar', 'AUD');
insert into "VGT.DOMINIO_MOEDA"("id_dominio_moeda", "nome", "acronimo") values(2, 'Great Britain Pound', 'GBP');
insert into "VGT.DOMINIO_MOEDA"("id_dominio_moeda", "nome", "acronimo") values(3, 'Euro', 'EUR');
insert into "VGT.DOMINIO_MOEDA"("id_dominio_moeda", "nome", "acronimo") values(4, 'Japan Yen', 'JPY');
insert into "VGT.DOMINIO_MOEDA"("id_dominio_moeda", "nome", "acronimo") values(5, 'Switzerland Franc', 'CHF');
insert into "VGT.DOMINIO_MOEDA"("id_dominio_moeda", "nome", "acronimo") values(6, 'USA Dollar', 'USD');
insert into "VGT.DOMINIO_MOEDA"("id_dominio_moeda", "nome", "acronimo") values(7, 'Afghanistan Afghani', 'AFN');
insert into "VGT.DOMINIO_MOEDA"("id_dominio_moeda", "nome", "acronimo") values(8, 'Albania Lek', 'ALL');
insert into "VGT.DOMINIO_MOEDA"("id_dominio_moeda", "nome", "acronimo") values(9, 'Algeria Dinar', 'DZD');
insert into "VGT.DOMINIO_MOEDA"("id_dominio_moeda", "nome", "acronimo") values(10, 'Angola Kwanza', 'AOA');
insert into "VGT.DOMINIO_MOEDA"("id_dominio_moeda", "nome", "acronimo") values(11, 'Argentina Peso', 'ARS');
insert into "VGT.DOMINIO_MOEDA"("id_dominio_moeda", "nome", "acronimo") values(12, 'Armenia Dram', 'AMD');
insert into "VGT.DOMINIO_MOEDA"("id_dominio_moeda", "nome", "acronimo") values(13, 'Aruba Florin', 'AWG');
insert into "VGT.DOMINIO_MOEDA"("id_dominio_moeda", "nome", "acronimo") values(14, 'Australia Dollar', 'AUD');
insert into "VGT.DOMINIO_MOEDA"("id_dominio_moeda", "nome", "acronimo") values(15, 'Austria Schilling', 'ATS (EURO)');
insert into "VGT.DOMINIO_MOEDA"("id_dominio_moeda", "nome", "acronimo") values(16, 'Belgium Franc', 'BEF (EURO)');
insert into "VGT.DOMINIO_MOEDA"("id_dominio_moeda", "nome", "acronimo") values(17, 'Azerbaijan New Manat', 'AZN');
insert into "VGT.DOMINIO_MOEDA"("id_dominio_moeda", "nome", "acronimo") values(18, 'Bahamas Dollar', 'BSD');
insert into "VGT.DOMINIO_MOEDA"("id_dominio_moeda", "nome", "acronimo") values(19, 'Bahrain Dinar', 'BHD');
insert into "VGT.DOMINIO_MOEDA"("id_dominio_moeda", "nome", "acronimo") values(20, 'Bangladesh Taka', 'BDT');
insert into "VGT.DOMINIO_MOEDA"("id_dominio_moeda", "nome", "acronimo") values(21, 'Barbados Dollar', 'BBD');
insert into "VGT.DOMINIO_MOEDA"("id_dominio_moeda", "nome", "acronimo") values(22, 'Belarus Ruble', 'BYR');
insert into "VGT.DOMINIO_MOEDA"("id_dominio_moeda", "nome", "acronimo") values(23, 'Belize Dollar', 'BZD');
insert into "VGT.DOMINIO_MOEDA"("id_dominio_moeda", "nome", "acronimo") values(24, 'Bermuda Dollar', 'BMD');
insert into "VGT.DOMINIO_MOEDA"("id_dominio_moeda", "nome", "acronimo") values(25, 'Bhutan Ngultrum', 'BTN');
insert into "VGT.DOMINIO_MOEDA"("id_dominio_moeda", "nome", "acronimo") values(26, 'Bolivia Boliviano', 'BOB');
insert into "VGT.DOMINIO_MOEDA"("id_dominio_moeda", "nome", "acronimo") values(27, 'Bosnia Mark', 'BAM');
insert into "VGT.DOMINIO_MOEDA"("id_dominio_moeda", "nome", "acronimo") values(28, 'Botswana Pula', 'BWP');
insert into "VGT.DOMINIO_MOEDA"("id_dominio_moeda", "nome", "acronimo") values(29, 'Brazil Real', 'BRL');
insert into "VGT.DOMINIO_MOEDA"("id_dominio_moeda", "nome", "acronimo") values(30, 'Great Britain Pound', 'GBP');
insert into "VGT.DOMINIO_MOEDA"("id_dominio_moeda", "nome", "acronimo") values(31, 'Brunei Dollar', 'BND');
insert into "VGT.DOMINIO_MOEDA"("id_dominio_moeda", "nome", "acronimo") values(32, 'Bulgaria Lev', 'BGN');
insert into "VGT.DOMINIO_MOEDA"("id_dominio_moeda", "nome", "acronimo") values(33, 'Burundi Franc', 'BIF');
insert into "VGT.DOMINIO_MOEDA"("id_dominio_moeda", "nome", "acronimo") values(34, 'CFA Franc BCEAO', 'XOF');
insert into "VGT.DOMINIO_MOEDA"("id_dominio_moeda", "nome", "acronimo") values(35, 'CFA Franc BEAC', 'XAF');
insert into "VGT.DOMINIO_MOEDA"("id_dominio_moeda", "nome", "acronimo") values(36, 'CFP Franc', 'XPF');
insert into "VGT.DOMINIO_MOEDA"("id_dominio_moeda", "nome", "acronimo") values(37, 'Cambodia Riel', 'KHR');
insert into "VGT.DOMINIO_MOEDA"("id_dominio_moeda", "nome", "acronimo") values(38, 'Canada Dollar', 'CAD');
insert into "VGT.DOMINIO_MOEDA"("id_dominio_moeda", "nome", "acronimo") values(39, 'Cape Verde Escudo', 'CVE');
insert into "VGT.DOMINIO_MOEDA"("id_dominio_moeda", "nome", "acronimo") values(40, 'Cayman Islands Dollar', 'KYD');
insert into "VGT.DOMINIO_MOEDA"("id_dominio_moeda", "nome", "acronimo") values(41, 'Chili Peso', 'CLP');
insert into "VGT.DOMINIO_MOEDA"("id_dominio_moeda", "nome", "acronimo") values(42, 'China Yuan/Renminbi', 'CNY');
insert into "VGT.DOMINIO_MOEDA"("id_dominio_moeda", "nome", "acronimo") values(43, 'Colombia Peso', 'COP');
insert into "VGT.DOMINIO_MOEDA"("id_dominio_moeda", "nome", "acronimo") values(44, 'Comoros Franc', 'KMF');
insert into "VGT.DOMINIO_MOEDA"("id_dominio_moeda", "nome", "acronimo") values(45, 'Congo Franc', 'CDF');
insert into "VGT.DOMINIO_MOEDA"("id_dominio_moeda", "nome", "acronimo") values(46, 'Costa Rica Colon', 'CRC');
insert into "VGT.DOMINIO_MOEDA"("id_dominio_moeda", "nome", "acronimo") values(47, 'Croatia Kuna', 'HRK');
insert into "VGT.DOMINIO_MOEDA"("id_dominio_moeda", "nome", "acronimo") values(48, 'Cuba Convertible Peso', 'CUC');
insert into "VGT.DOMINIO_MOEDA"("id_dominio_moeda", "nome", "acronimo") values(49, 'Cuba Peso', 'CUP');
insert into "VGT.DOMINIO_MOEDA"("id_dominio_moeda", "nome", "acronimo") values(50, 'Cyprus Pound', 'CYP (EURO)');
insert into "VGT.DOMINIO_MOEDA"("id_dominio_moeda", "nome", "acronimo") values(51, 'Czech Koruna', 'CZK');
insert into "VGT.DOMINIO_MOEDA"("id_dominio_moeda", "nome", "acronimo") values(52, 'Denmark Krone', 'DKK');
insert into "VGT.DOMINIO_MOEDA"("id_dominio_moeda", "nome", "acronimo") values(53, 'Djibouti Franc', 'DJF');
insert into "VGT.DOMINIO_MOEDA"("id_dominio_moeda", "nome", "acronimo") values(54, 'Dominican Republich Peso', 'DOP');
insert into "VGT.DOMINIO_MOEDA"("id_dominio_moeda", "nome", "acronimo") values(55, 'East Caribbean Dollar', 'XCD');
insert into "VGT.DOMINIO_MOEDA"("id_dominio_moeda", "nome", "acronimo") values(56, 'Egypt Pound', 'EGP');
insert into "VGT.DOMINIO_MOEDA"("id_dominio_moeda", "nome", "acronimo") values(57, 'El Salvador Colon', 'SVC');
insert into "VGT.DOMINIO_MOEDA"("id_dominio_moeda", "nome", "acronimo") values(58, 'Estonia Kroon', 'EEK (EURO)');
insert into "VGT.DOMINIO_MOEDA"("id_dominio_moeda", "nome", "acronimo") values(59, 'Ethiopia Birr', 'ETB');
insert into "VGT.DOMINIO_MOEDA"("id_dominio_moeda", "nome", "acronimo") values(60, 'Euro', 'EUR');
insert into "VGT.DOMINIO_MOEDA"("id_dominio_moeda", "nome", "acronimo") values(61, 'Falkland Islands Pound', 'FKP');
insert into "VGT.DOMINIO_MOEDA"("id_dominio_moeda", "nome", "acronimo") values(62, 'Finland Markka', 'FIM (EURO)');
insert into "VGT.DOMINIO_MOEDA"("id_dominio_moeda", "nome", "acronimo") values(63, 'Fiji Dollar', 'FJD');
insert into "VGT.DOMINIO_MOEDA"("id_dominio_moeda", "nome", "acronimo") values(64, 'Gambia Dalasi', 'GMD');
insert into "VGT.DOMINIO_MOEDA"("id_dominio_moeda", "nome", "acronimo") values(65, 'Georgia Lari', 'GEL');
insert into "VGT.DOMINIO_MOEDA"("id_dominio_moeda", "nome", "acronimo") values(66, 'Germany Mark', 'DMK (EURO)');
insert into "VGT.DOMINIO_MOEDA"("id_dominio_moeda", "nome", "acronimo") values(67, 'Ghana New Cedi', 'GHS');
insert into "VGT.DOMINIO_MOEDA"("id_dominio_moeda", "nome", "acronimo") values(68, 'Gibraltar Pound', 'GIP');
insert into "VGT.DOMINIO_MOEDA"("id_dominio_moeda", "nome", "acronimo") values(69, 'Greece Drachma', 'GRD (EURO)');
insert into "VGT.DOMINIO_MOEDA"("id_dominio_moeda", "nome", "acronimo") values(70, 'Guatemala Quetzal', 'GTQ');
insert into "VGT.DOMINIO_MOEDA"("id_dominio_moeda", "nome", "acronimo") values(71, 'Guinea Franc', 'GNF');
insert into "VGT.DOMINIO_MOEDA"("id_dominio_moeda", "nome", "acronimo") values(72, 'Guyana Dollar', 'GYD');
insert into "VGT.DOMINIO_MOEDA"("id_dominio_moeda", "nome", "acronimo") values(73, 'Haiti Gourde', 'HTG');
insert into "VGT.DOMINIO_MOEDA"("id_dominio_moeda", "nome", "acronimo") values(74, 'Honduras Lempira', 'HNL');
insert into "VGT.DOMINIO_MOEDA"("id_dominio_moeda", "nome", "acronimo") values(75, 'Hong Kong Dollar', 'HKD');
insert into "VGT.DOMINIO_MOEDA"("id_dominio_moeda", "nome", "acronimo") values(76, 'Hungary Forint', 'HUF');
insert into "VGT.DOMINIO_MOEDA"("id_dominio_moeda", "nome", "acronimo") values(77, 'Iceland Krona', 'ISK');
insert into "VGT.DOMINIO_MOEDA"("id_dominio_moeda", "nome", "acronimo") values(78, 'India Rupee', 'INR');
insert into "VGT.DOMINIO_MOEDA"("id_dominio_moeda", "nome", "acronimo") values(79, 'Indonesia Rupiah', 'IDR');
insert into "VGT.DOMINIO_MOEDA"("id_dominio_moeda", "nome", "acronimo") values(80, 'Iran Rial', 'IRR');
insert into "VGT.DOMINIO_MOEDA"("id_dominio_moeda", "nome", "acronimo") values(81, 'Iraq Dinar', 'IQD');
insert into "VGT.DOMINIO_MOEDA"("id_dominio_moeda", "nome", "acronimo") values(82, 'Ireland Pound', 'IED (EURO)');
insert into "VGT.DOMINIO_MOEDA"("id_dominio_moeda", "nome", "acronimo") values(83, 'Israel New Shekel', 'ILS');
insert into "VGT.DOMINIO_MOEDA"("id_dominio_moeda", "nome", "acronimo") values(84, 'Italy Lira', 'ITL (EURO)');
insert into "VGT.DOMINIO_MOEDA"("id_dominio_moeda", "nome", "acronimo") values(85, 'Jamaica Dollar', 'JMD');
insert into "VGT.DOMINIO_MOEDA"("id_dominio_moeda", "nome", "acronimo") values(86, 'Japan Yen', 'JPY');
insert into "VGT.DOMINIO_MOEDA"("id_dominio_moeda", "nome", "acronimo") values(87, 'Jordan Dinar', 'JOD');
insert into "VGT.DOMINIO_MOEDA"("id_dominio_moeda", "nome", "acronimo") values(88, 'Kazakhstan Tenge', 'KZT');
insert into "VGT.DOMINIO_MOEDA"("id_dominio_moeda", "nome", "acronimo") values(89, 'Kenya Shilling', 'KES');
insert into "VGT.DOMINIO_MOEDA"("id_dominio_moeda", "nome", "acronimo") values(90, 'Kuwait Dinar', 'KWD');
insert into "VGT.DOMINIO_MOEDA"("id_dominio_moeda", "nome", "acronimo") values(91, 'Kyrgyzstan Som', 'KGS');
insert into "VGT.DOMINIO_MOEDA"("id_dominio_moeda", "nome", "acronimo") values(92, 'Laos Kip', 'LAK');
insert into "VGT.DOMINIO_MOEDA"("id_dominio_moeda", "nome", "acronimo") values(93, 'Latvia Lats', 'LVL (EURO)');
insert into "VGT.DOMINIO_MOEDA"("id_dominio_moeda", "nome", "acronimo") values(94, 'Lebanon Pound', 'LBP');
insert into "VGT.DOMINIO_MOEDA"("id_dominio_moeda", "nome", "acronimo") values(95, 'Lesotho Loti', 'LSL');
insert into "VGT.DOMINIO_MOEDA"("id_dominio_moeda", "nome", "acronimo") values(96, 'Liberia Dollar', 'LRD');
insert into "VGT.DOMINIO_MOEDA"("id_dominio_moeda", "nome", "acronimo") values(97, 'Libya Dinar', 'LYD');
insert into "VGT.DOMINIO_MOEDA"("id_dominio_moeda", "nome", "acronimo") values(98, 'Lithuania Litas', 'LTL (EURO)');
insert into "VGT.DOMINIO_MOEDA"("id_dominio_moeda", "nome", "acronimo") values(99, 'Luxembourg Franc', 'LUF (EURO)');
insert into "VGT.DOMINIO_MOEDA"("id_dominio_moeda", "nome", "acronimo") values(100, 'Macau Pataca', 'MOP');
insert into "VGT.DOMINIO_MOEDA"("id_dominio_moeda", "nome", "acronimo") values(101, 'Macedonia Denar', 'MKD');
insert into "VGT.DOMINIO_MOEDA"("id_dominio_moeda", "nome", "acronimo") values(102, 'Malagasy Ariary', 'MGA');
insert into "VGT.DOMINIO_MOEDA"("id_dominio_moeda", "nome", "acronimo") values(103, 'Malawi Kwacha', 'MWK');
insert into "VGT.DOMINIO_MOEDA"("id_dominio_moeda", "nome", "acronimo") values(104, 'Malaysia Ringgit', 'MYR');
insert into "VGT.DOMINIO_MOEDA"("id_dominio_moeda", "nome", "acronimo") values(105, 'Maldives Rufiyaa', 'MVR');
insert into "VGT.DOMINIO_MOEDA"("id_dominio_moeda", "nome", "acronimo") values(106, 'Malta Lira', 'MTL (EURO)');
insert into "VGT.DOMINIO_MOEDA"("id_dominio_moeda", "nome", "acronimo") values(107, 'Mauritania Ouguiya', 'MRO');
insert into "VGT.DOMINIO_MOEDA"("id_dominio_moeda", "nome", "acronimo") values(108, 'Mauritius Rupee', 'MUR');
insert into "VGT.DOMINIO_MOEDA"("id_dominio_moeda", "nome", "acronimo") values(109, 'Mexico Peso', 'MXN');
insert into "VGT.DOMINIO_MOEDA"("id_dominio_moeda", "nome", "acronimo") values(110, 'Moldova Leu', 'MDL');
insert into "VGT.DOMINIO_MOEDA"("id_dominio_moeda", "nome", "acronimo") values(111, 'Mongolia Tugrik', 'MNT');
insert into "VGT.DOMINIO_MOEDA"("id_dominio_moeda", "nome", "acronimo") values(112, 'Morocco Dirham', 'MAD');
insert into "VGT.DOMINIO_MOEDA"("id_dominio_moeda", "nome", "acronimo") values(113, 'Mozambique New Metical', 'MZN');
insert into "VGT.DOMINIO_MOEDA"("id_dominio_moeda", "nome", "acronimo") values(114, 'Myanmar Kyat', 'MMK');
insert into "VGT.DOMINIO_MOEDA"("id_dominio_moeda", "nome", "acronimo") values(115, 'NL Antilles Guilder', 'ANG');
insert into "VGT.DOMINIO_MOEDA"("id_dominio_moeda", "nome", "acronimo") values(116, 'Namibia Dollar', 'NAD');
insert into "VGT.DOMINIO_MOEDA"("id_dominio_moeda", "nome", "acronimo") values(117, 'Nepal Rupee', 'NPR');
insert into "VGT.DOMINIO_MOEDA"("id_dominio_moeda", "nome", "acronimo") values(118, 'Netherlands Guilder', 'NLG (EURO)');
insert into "VGT.DOMINIO_MOEDA"("id_dominio_moeda", "nome", "acronimo") values(119, 'New Zealand Dollar', 'NZD');
insert into "VGT.DOMINIO_MOEDA"("id_dominio_moeda", "nome", "acronimo") values(120, 'Nicaragua Cordoba Oro', 'NIO');
insert into "VGT.DOMINIO_MOEDA"("id_dominio_moeda", "nome", "acronimo") values(121, 'Nigeria Naira', 'NGN');
insert into "VGT.DOMINIO_MOEDA"("id_dominio_moeda", "nome", "acronimo") values(122, 'North Korea Won', 'KPW');
insert into "VGT.DOMINIO_MOEDA"("id_dominio_moeda", "nome", "acronimo") values(123, 'Norway Kroner', 'NOK');
insert into "VGT.DOMINIO_MOEDA"("id_dominio_moeda", "nome", "acronimo") values(124, 'Oman Rial', 'OMR');
insert into "VGT.DOMINIO_MOEDA"("id_dominio_moeda", "nome", "acronimo") values(125, 'Pakistan Rupee', 'PKR');
insert into "VGT.DOMINIO_MOEDA"("id_dominio_moeda", "nome", "acronimo") values(126, 'Panama Balboa', 'PAB');
insert into "VGT.DOMINIO_MOEDA"("id_dominio_moeda", "nome", "acronimo") values(127, 'Papua New Guinea Kina', 'PGK');
insert into "VGT.DOMINIO_MOEDA"("id_dominio_moeda", "nome", "acronimo") values(128, 'Paraguay Guarani', 'PYG');
insert into "VGT.DOMINIO_MOEDA"("id_dominio_moeda", "nome", "acronimo") values(129, 'Peru Nuevo Sol', 'PEN');
insert into "VGT.DOMINIO_MOEDA"("id_dominio_moeda", "nome", "acronimo") values(130, 'Philippines Peso', 'PHP');
insert into "VGT.DOMINIO_MOEDA"("id_dominio_moeda", "nome", "acronimo") values(131, 'Poland Zloty', 'PLN');
insert into "VGT.DOMINIO_MOEDA"("id_dominio_moeda", "nome", "acronimo") values(132, 'Portugal Escudo', 'PTE (EURO)');
insert into "VGT.DOMINIO_MOEDA"("id_dominio_moeda", "nome", "acronimo") values(133, 'Qatar Rial', 'QAR');
insert into "VGT.DOMINIO_MOEDA"("id_dominio_moeda", "nome", "acronimo") values(134, 'Romania New Lei', 'RON');
insert into "VGT.DOMINIO_MOEDA"("id_dominio_moeda", "nome", "acronimo") values(135, 'Russia Rouble', 'RUB');
insert into "VGT.DOMINIO_MOEDA"("id_dominio_moeda", "nome", "acronimo") values(136, 'Rwanda Franc', 'RWF');
insert into "VGT.DOMINIO_MOEDA"("id_dominio_moeda", "nome", "acronimo") values(137, 'Samoa Tala', 'WST');
insert into "VGT.DOMINIO_MOEDA"("id_dominio_moeda", "nome", "acronimo") values(138, 'Sao Tome/Principe Dobra', 'STD');
insert into "VGT.DOMINIO_MOEDA"("id_dominio_moeda", "nome", "acronimo") values(139, 'Saudi Arabia Riyal', 'SAR');
insert into "VGT.DOMINIO_MOEDA"("id_dominio_moeda", "nome", "acronimo") values(140, 'Serbia Dinar', 'RSD');
insert into "VGT.DOMINIO_MOEDA"("id_dominio_moeda", "nome", "acronimo") values(141, 'Seychelles Rupee', 'SCR');
insert into "VGT.DOMINIO_MOEDA"("id_dominio_moeda", "nome", "acronimo") values(142, 'Sierra Leone Leone', 'SLL');
insert into "VGT.DOMINIO_MOEDA"("id_dominio_moeda", "nome", "acronimo") values(143, 'Singapore Dollar', 'SGD');
insert into "VGT.DOMINIO_MOEDA"("id_dominio_moeda", "nome", "acronimo") values(144, 'Slovakia Koruna', 'SKK (EURO)');
insert into "VGT.DOMINIO_MOEDA"("id_dominio_moeda", "nome", "acronimo") values(145, 'Slovenia Tolar', 'SIT (EURO)');
insert into "VGT.DOMINIO_MOEDA"("id_dominio_moeda", "nome", "acronimo") values(146, 'Solomon Islands Dollar', 'SBD');
insert into "VGT.DOMINIO_MOEDA"("id_dominio_moeda", "nome", "acronimo") values(147, 'Somali Shilling', 'SOS');
insert into "VGT.DOMINIO_MOEDA"("id_dominio_moeda", "nome", "acronimo") values(148, 'South Africa Rand', 'ZAR');
insert into "VGT.DOMINIO_MOEDA"("id_dominio_moeda", "nome", "acronimo") values(149, 'South Korea Won', 'KRW');
insert into "VGT.DOMINIO_MOEDA"("id_dominio_moeda", "nome", "acronimo") values(150, 'Spain Peseta', 'ESP (EURO)');
insert into "VGT.DOMINIO_MOEDA"("id_dominio_moeda", "nome", "acronimo") values(151, 'Sri Lanka Rupee', 'LKR');
insert into "VGT.DOMINIO_MOEDA"("id_dominio_moeda", "nome", "acronimo") values(152, 'St Helena Pound', 'SHP');
insert into "VGT.DOMINIO_MOEDA"("id_dominio_moeda", "nome", "acronimo") values(153, 'Sudan Pound', 'SDG');
insert into "VGT.DOMINIO_MOEDA"("id_dominio_moeda", "nome", "acronimo") values(154, 'Suriname Dollar', 'SRD');
insert into "VGT.DOMINIO_MOEDA"("id_dominio_moeda", "nome", "acronimo") values(155, 'Swaziland Lilangeni', 'SZL');
insert into "VGT.DOMINIO_MOEDA"("id_dominio_moeda", "nome", "acronimo") values(156, 'Sweden Krona', 'SEK');
insert into "VGT.DOMINIO_MOEDA"("id_dominio_moeda", "nome", "acronimo") values(157, 'Switzerland Franc', 'CHF');
insert into "VGT.DOMINIO_MOEDA"("id_dominio_moeda", "nome", "acronimo") values(158, 'Syria Pound', 'SYP');
insert into "VGT.DOMINIO_MOEDA"("id_dominio_moeda", "nome", "acronimo") values(159, 'Taiwan Dollar', 'TWD');
insert into "VGT.DOMINIO_MOEDA"("id_dominio_moeda", "nome", "acronimo") values(160, 'Tanzania Shilling', 'TZS');
insert into "VGT.DOMINIO_MOEDA"("id_dominio_moeda", "nome", "acronimo") values(161, 'Thailand Baht', 'THB');
insert into "VGT.DOMINIO_MOEDA"("id_dominio_moeda", "nome", "acronimo") values(162, 'Tonga Pa''anga', 'TOP');
insert into "VGT.DOMINIO_MOEDA"("id_dominio_moeda", "nome", "acronimo") values(163, 'Trinidad/Tobago Dollar', 'TTD');
insert into "VGT.DOMINIO_MOEDA"("id_dominio_moeda", "nome", "acronimo") values(164, 'Tunisia Dinar', 'TND');
insert into "VGT.DOMINIO_MOEDA"("id_dominio_moeda", "nome", "acronimo") values(165, 'Turkish New Lira', 'TRY');
insert into "VGT.DOMINIO_MOEDA"("id_dominio_moeda", "nome", "acronimo") values(166, 'Turkmenistan Manat', 'TMM');
insert into "VGT.DOMINIO_MOEDA"("id_dominio_moeda", "nome", "acronimo") values(167, 'USA Dollar', 'USD');
insert into "VGT.DOMINIO_MOEDA"("id_dominio_moeda", "nome", "acronimo") values(168, 'Uganda Shilling', 'UGX');
insert into "VGT.DOMINIO_MOEDA"("id_dominio_moeda", "nome", "acronimo") values(169, 'Ukraine Hryvnia', 'UAH');
insert into "VGT.DOMINIO_MOEDA"("id_dominio_moeda", "nome", "acronimo") values(170, 'Uruguay Peso', 'UYU');
insert into "VGT.DOMINIO_MOEDA"("id_dominio_moeda", "nome", "acronimo") values(171, 'United Arab Emirates Dirham', 'AED');
insert into "VGT.DOMINIO_MOEDA"("id_dominio_moeda", "nome", "acronimo") values(172, 'Vanuatu Vatu', 'VUV');
insert into "VGT.DOMINIO_MOEDA"("id_dominio_moeda", "nome", "acronimo") values(173, 'Venezuela Bolivar', 'VEB');
insert into "VGT.DOMINIO_MOEDA"("id_dominio_moeda", "nome", "acronimo") values(174, 'Vietnam Dong', 'VND');
insert into "VGT.DOMINIO_MOEDA"("id_dominio_moeda", "nome", "acronimo") values(175, 'Yemen Rial', 'YER');
insert into "VGT.DOMINIO_MOEDA"("id_dominio_moeda", "nome", "acronimo") values(176, 'Zambia Kwacha', 'ZMK');
insert into "VGT.DOMINIO_MOEDA"("id_dominio_moeda", "nome", "acronimo") values(177, 'Zimbabwe Dollar', 'ZWD');

-- select * from "VGT.DOMINIO_MODULO"
insert into "VGT.DOMINIO_MODULO"("id_dominio_modulo", "modulo") values(1, 'TTC');
insert into "VGT.DOMINIO_MODULO"("id_dominio_modulo", "modulo") values(2, 'Tax Package');
insert into "VGT.DOMINIO_MODULO"("id_dominio_modulo", "modulo") values(3, 'Compliance');
insert into "VGT.DOMINIO_MODULO"("id_dominio_modulo", "modulo") values(4, 'Beps');
insert into "VGT.DOMINIO_MODULO"("id_dominio_modulo", "modulo") values(5, 'Admin');

-- select * from "VGT.DOMINIO_PAIS_STATUS"

insert into "VGT.DOMINIO_PAIS_STATUS"("id_dominio_pais_status", "status") values(1, 'Paraíso Fiscal');
insert into "VGT.DOMINIO_PAIS_STATUS"("id_dominio_pais_status", "status") values(2, 'Tributação Favorecida');
insert into "VGT.DOMINIO_PAIS_STATUS"("id_dominio_pais_status", "status") values(3, 'Regime Fiscal Privilegiado');
insert into "VGT.DOMINIO_PAIS_STATUS"("id_dominio_pais_status", "status") values(4, 'Normal');
insert into "VGT.DOMINIO_PAIS_STATUS"("id_dominio_pais_status", "status") values(5, 'Outros');

-- select * from "VGT.DOMINIO_PAIS_REGIAO"

insert into "VGT.DOMINIO_PAIS_REGIAO"("id_dominio_pais_regiao", "regiao") values(1, 'América do Norte');
insert into "VGT.DOMINIO_PAIS_REGIAO"("id_dominio_pais_regiao", "regiao") values(2, 'América do Sul');
insert into "VGT.DOMINIO_PAIS_REGIAO"("id_dominio_pais_regiao", "regiao") values(3, 'Europa');
insert into "VGT.DOMINIO_PAIS_REGIAO"("id_dominio_pais_regiao", "regiao") values(4, 'Ásia');
insert into "VGT.DOMINIO_PAIS_REGIAO"("id_dominio_pais_regiao", "regiao") values(5, 'África');
insert into "VGT.DOMINIO_PAIS_REGIAO"("id_dominio_pais_regiao", "regiao") values(6, 'Oceania');

-- select * from "VGT.DOMINIO_ALIQUOTA_TIPO"

insert into "VGT.DOMINIO_ALIQUOTA_TIPO"("id_dominio_aliquota_tipo", "tipo") values(1, 'País');
insert into "VGT.DOMINIO_ALIQUOTA_TIPO"("id_dominio_aliquota_tipo", "tipo") values(2, 'Empresa');

-- select * from "VGT.DOMINIO_DIFERENCA_TIPO"

insert into "VGT.DOMINIO_DIFERENCA_TIPO"("id_dominio_diferenca_tipo", "tipo") values(1, 'Permanente');
insert into "VGT.DOMINIO_DIFERENCA_TIPO"("id_dominio_diferenca_tipo", "tipo") values(2, 'Temporária');

-- select * from "VGT.DOMINIO_OBRIGACAO_ACESSORIA_TIPO"

insert into "VGT.DOMINIO_OBRIGACAO_ACESSORIA_TIPO"("id_dominio_obrigacao_acessoria_tipo", "tipo") values(1, 'Beps');
insert into "VGT.DOMINIO_OBRIGACAO_ACESSORIA_TIPO"("id_dominio_obrigacao_acessoria_tipo", "tipo") values(2, 'Compliance');

-- select * from "VGT.DOMINIO_TAX_CLASSIFICATION"

insert into "VGT.DOMINIO_TAX_CLASSIFICATION"("id_dominio_tax_classification", "classification") values(1, 'Tax Borne');
insert into "VGT.DOMINIO_TAX_CLASSIFICATION"("id_dominio_tax_classification", "classification") values(2, 'Tax Collected');

-- select * from "VGT.DOMINIO_EMPRESA_TIPO_SOCIETARIO"

insert into "VGT.DOMINIO_EMPRESA_TIPO_SOCIETARIO"("id_dominio_empresa_tipo_societario", "tipo_societario") values(1, 'Controlada Direta');
insert into "VGT.DOMINIO_EMPRESA_TIPO_SOCIETARIO"("id_dominio_empresa_tipo_societario", "tipo_societario") values(2, 'Controlada Indireta');

-- select * from "VGT.DOMINIO_EMPRESA_STATUS"

insert into "VGT.DOMINIO_EMPRESA_STATUS"("id_dominio_empresa_status", "status") values(1, 'Operacional');
insert into "VGT.DOMINIO_EMPRESA_STATUS"("id_dominio_empresa_status", "status") values(2, 'Pré Operacional');
insert into "VGT.DOMINIO_EMPRESA_STATUS"("id_dominio_empresa_status", "status") values(3, 'Dormente');
insert into "VGT.DOMINIO_EMPRESA_STATUS"("id_dominio_empresa_status", "status") values(4, 'Liquidada');
insert into "VGT.DOMINIO_EMPRESA_STATUS"("id_dominio_empresa_status", "status") values(5, 'Vendida');
insert into "VGT.DOMINIO_EMPRESA_STATUS"("id_dominio_empresa_status", "status") values(6, 'Incorporada');

-- select * from "VGT.DOMINIO_JURISDICAO"

insert into "VGT.DOMINIO_JURISDICAO"("id_dominio_jurisdicao", "jurisdicao") values(1, 'Federal');
insert into "VGT.DOMINIO_JURISDICAO"("id_dominio_jurisdicao", "jurisdicao") values(2, 'Estadual');
insert into "VGT.DOMINIO_JURISDICAO"("id_dominio_jurisdicao", "jurisdicao") values(3, 'Municipal');

-- select * from "VGT.DOMINIO_TIPO_TRANSACAO"

insert into "VGT.DOMINIO_TIPO_TRANSACAO"("id_dominio_tipo_transacao", "tipo_transacao") values(1, 'Cash Installment/Settlement');
insert into "VGT.DOMINIO_TIPO_TRANSACAO"("id_dominio_tipo_transacao", "tipo_transacao") values(2, 'Cash refund/reimbursement (negative value)');
insert into "VGT.DOMINIO_TIPO_TRANSACAO"("id_dominio_tipo_transacao", "tipo_transacao") values(3, 'Payment with income tax credits');
insert into "VGT.DOMINIO_TIPO_TRANSACAO"("id_dominio_tipo_transacao", "tipo_transacao") values(4, 'Payment with other tax credits');
insert into "VGT.DOMINIO_TIPO_TRANSACAO"("id_dominio_tipo_transacao", "tipo_transacao") values(5, 'Other (specify)');

-- select * from "VGT.DOMINIO_ACESSO_USUARIO"

insert into "VGT.DOMINIO_ACESSO_USUARIO" values (0,'Usuario');
insert into "VGT.DOMINIO_ACESSO_USUARIO" values (1,'Administrador');
insert into "VGT.DOMINIO_ACESSO_USUARIO" values (2,'UsuarioAdministrador');

-- VGT.DOMINIO_REQUISICAO_REABERTURA_STATUS

INSERT INTO "VGT.DOMINIO_REQUISICAO_REABERTURA_STATUS" VALUES( 1, 'Aguardando' );
INSERT INTO "VGT.DOMINIO_REQUISICAO_REABERTURA_STATUS" VALUES( 2, 'Aprovado' );
INSERT INTO "VGT.DOMINIO_REQUISICAO_REABERTURA_STATUS" VALUES( 3, 'Reprovado' );

-- VGT.DOMINIO_STATUS_OBRIGACAO
INSERT INTO "VGT.DOMINIO_STATUS_OBRIGACAO" VALUES(1, 'Não iniciada');
INSERT INTO "VGT.DOMINIO_STATUS_OBRIGACAO" VALUES(2, 'Aguardado');
INSERT INTO "VGT.DOMINIO_STATUS_OBRIGACAO" VALUES(3, 'Em Atraso');
INSERT INTO "VGT.DOMINIO_STATUS_OBRIGACAO" VALUES(4, 'Entregue no prazo');
INSERT INTO "VGT.DOMINIO_STATUS_OBRIGACAO" VALUES(5, 'Entregue fora do prazo');

-- VGT.DOMINIO_PERIODICIDADE_OBRIGACAO
INSERT INTO "VGT.DOMINIO_PERIODICIDADE_OBRIGACAO" VALUES(1,'Semanal');
INSERT INTO "VGT.DOMINIO_PERIODICIDADE_OBRIGACAO" VALUES(2,'Quinzenal');
INSERT INTO "VGT.DOMINIO_PERIODICIDADE_OBRIGACAO" VALUES(3,'Trimestral');
INSERT INTO "VGT.DOMINIO_PERIODICIDADE_OBRIGACAO" VALUES(4,'Mensal');
INSERT INTO "VGT.DOMINIO_PERIODICIDADE_OBRIGACAO" VALUES(5,'Semestral');
INSERT INTO "VGT.DOMINIO_PERIODICIDADE_OBRIGACAO" VALUES(6,'Anual');

-- VGT.DOMINIO_SCHEDULE_TIPO
INSERT INTO "VGT.DOMINIO_SCHEDULE_TIPO" VALUES(1, 'Loss');
INSERT INTO "VGT.DOMINIO_SCHEDULE_TIPO" VALUES(2, 'Credit');


/*
	################ MISC ################
*/

/* Carga para TESTE */
/*
-- select * from "VGT.DOMINIO_ANO_CALENDARIO"

insert into "VGT.DOMINIO_ANO_CALENDARIO"("id_dominio_ano_calendario", "ano_calendario") values(1, 2015);
insert into "VGT.DOMINIO_ANO_CALENDARIO"("id_dominio_ano_calendario", "ano_calendario") values(2, 2016);
insert into "VGT.DOMINIO_ANO_CALENDARIO"("id_dominio_ano_calendario", "ano_calendario") values(3, 2017);
insert into "VGT.DOMINIO_ANO_CALENDARIO"("id_dominio_ano_calendario", "ano_calendario") values(4, 2018);
insert into "VGT.DOMINIO_ANO_CALENDARIO"("id_dominio_ano_calendario", "ano_calendario") values(5, 2019);
insert into "VGT.DOMINIO_ANO_CALENDARIO"("id_dominio_ano_calendario", "ano_calendario") values(6, 2020);

-- select * from "VGT.DOMINIO_ANO_FISCAL"

insert into "VGT.DOMINIO_ANO_FISCAL"("id_dominio_ano_fiscal", "ano_fiscal") values(1, 2015);
insert into "VGT.DOMINIO_ANO_FISCAL"("id_dominio_ano_fiscal", "ano_fiscal") values(2, 2016);
insert into "VGT.DOMINIO_ANO_FISCAL"("id_dominio_ano_fiscal", "ano_fiscal") values(3, 2017);
insert into "VGT.DOMINIO_ANO_FISCAL"("id_dominio_ano_fiscal", "ano_fiscal") values(4, 2018);
insert into "VGT.DOMINIO_ANO_FISCAL"("id_dominio_ano_fiscal", "ano_fiscal") values(5, 2019);
insert into "VGT.DOMINIO_ANO_FISCAL"("id_dominio_ano_fiscal", "ano_fiscal") values(6, 2020);

-- select * from "VGT.PERIODO"

-- Períodos de 2018
insert into "VGT.PERIODO"("id_periodo", "periodo", "fk_dominio_ano_calendario.id_dominio_ano_calendario", "fk_dominio_modulo.id_dominio_modulo", "numero_ordem") values(1, '1º Trimestre', 4, 1, 1);
insert into "VGT.PERIODO"("id_periodo", "periodo", "fk_dominio_ano_calendario.id_dominio_ano_calendario", "fk_dominio_modulo.id_dominio_modulo", "numero_ordem") values(2, '2º Trimestre', 4, 1, 2);
insert into "VGT.PERIODO"("id_periodo", "periodo", "fk_dominio_ano_calendario.id_dominio_ano_calendario", "fk_dominio_modulo.id_dominio_modulo", "numero_ordem") values(3, '3º Trimestre', 4, 1, 3);
insert into "VGT.PERIODO"("id_periodo", "periodo", "fk_dominio_ano_calendario.id_dominio_ano_calendario", "fk_dominio_modulo.id_dominio_modulo", "numero_ordem") values(4, '4º Trimestre', 4, 1, 4);
insert into "VGT.PERIODO"("id_periodo", "periodo", "fk_dominio_ano_calendario.id_dominio_ano_calendario", "fk_dominio_modulo.id_dominio_modulo", "numero_ordem") values(5, '1º Período', 4, 2, 1);
insert into "VGT.PERIODO"("id_periodo", "periodo", "fk_dominio_ano_calendario.id_dominio_ano_calendario", "fk_dominio_modulo.id_dominio_modulo", "numero_ordem") values(6, '2º Período', 4, 2, 2);
insert into "VGT.PERIODO"("id_periodo", "periodo", "fk_dominio_ano_calendario.id_dominio_ano_calendario", "fk_dominio_modulo.id_dominio_modulo", "numero_ordem") values(7, '3º Período', 4, 2, 3);
insert into "VGT.PERIODO"("id_periodo", "periodo", "fk_dominio_ano_calendario.id_dominio_ano_calendario", "fk_dominio_modulo.id_dominio_modulo", "numero_ordem") values(8, '4º Período', 4, 2, 4);
insert into "VGT.PERIODO"("id_periodo", "periodo", "fk_dominio_ano_calendario.id_dominio_ano_calendario", "fk_dominio_modulo.id_dominio_modulo", "numero_ordem") values(9, 'Anual', 4, 2, 5);
insert into "VGT.PERIODO"("id_periodo", "periodo", "fk_dominio_ano_calendario.id_dominio_ano_calendario", "fk_dominio_modulo.id_dominio_modulo", "numero_ordem") values(10, 'Retificadora', 4, 2, 6);

-- Períodos de 2017
insert into "VGT.PERIODO"("id_periodo", "periodo", "fk_dominio_ano_calendario.id_dominio_ano_calendario", "fk_dominio_modulo.id_dominio_modulo", "numero_ordem") values(11, '1º Trimestre', 3, 1, 1);
insert into "VGT.PERIODO"("id_periodo", "periodo", "fk_dominio_ano_calendario.id_dominio_ano_calendario", "fk_dominio_modulo.id_dominio_modulo", "numero_ordem") values(12, '2º Trimestre', 3, 1, 2);
insert into "VGT.PERIODO"("id_periodo", "periodo", "fk_dominio_ano_calendario.id_dominio_ano_calendario", "fk_dominio_modulo.id_dominio_modulo", "numero_ordem") values(13, '3º Trimestre', 3, 1, 3);
insert into "VGT.PERIODO"("id_periodo", "periodo", "fk_dominio_ano_calendario.id_dominio_ano_calendario", "fk_dominio_modulo.id_dominio_modulo", "numero_ordem") values(14, '4º Trimestre', 3, 1, 4);
insert into "VGT.PERIODO"("id_periodo", "periodo", "fk_dominio_ano_calendario.id_dominio_ano_calendario", "fk_dominio_modulo.id_dominio_modulo", "numero_ordem") values(15, '1º Período', 3, 2, 1);
insert into "VGT.PERIODO"("id_periodo", "periodo", "fk_dominio_ano_calendario.id_dominio_ano_calendario", "fk_dominio_modulo.id_dominio_modulo", "numero_ordem") values(16, '2º Período', 3, 2, 2);
insert into "VGT.PERIODO"("id_periodo", "periodo", "fk_dominio_ano_calendario.id_dominio_ano_calendario", "fk_dominio_modulo.id_dominio_modulo", "numero_ordem") values(17, '3º Período', 3, 2, 3);
insert into "VGT.PERIODO"("id_periodo", "periodo", "fk_dominio_ano_calendario.id_dominio_ano_calendario", "fk_dominio_modulo.id_dominio_modulo", "numero_ordem") values(18, '4º Período', 3, 2, 4);
insert into "VGT.PERIODO"("id_periodo", "periodo", "fk_dominio_ano_calendario.id_dominio_ano_calendario", "fk_dominio_modulo.id_dominio_modulo", "numero_ordem") values(19, 'Anual', 3, 2, 5);
insert into "VGT.PERIODO"("id_periodo", "periodo", "fk_dominio_ano_calendario.id_dominio_ano_calendario", "fk_dominio_modulo.id_dominio_modulo", "numero_ordem") values(20, 'Retificadora', 3, 2, 6);

-- select * from "VGT.REL_EMPRESA_MODULO"

-- Relacionamentos Empresa x Períodos de 2018 para o TTC
insert into "VGT.REL_EMPRESA_PERIODO"("fk_empresa.id_empresa", "fk_periodo.id_periodo", "ind_ativo") values(1, 1, false);
insert into "VGT.REL_EMPRESA_PERIODO"("fk_empresa.id_empresa", "fk_periodo.id_periodo", "ind_ativo") values(1, 2, false);
insert into "VGT.REL_EMPRESA_PERIODO"("fk_empresa.id_empresa", "fk_periodo.id_periodo", "ind_ativo") values(1, 3, false);
insert into "VGT.REL_EMPRESA_PERIODO"("fk_empresa.id_empresa", "fk_periodo.id_periodo", "ind_ativo") values(1, 4, true);
insert into "VGT.REL_EMPRESA_PERIODO"("fk_empresa.id_empresa", "fk_periodo.id_periodo", "ind_ativo") values(1, 5, false);
insert into "VGT.REL_EMPRESA_PERIODO"("fk_empresa.id_empresa", "fk_periodo.id_periodo", "ind_ativo") values(1, 6, false);
insert into "VGT.REL_EMPRESA_PERIODO"("fk_empresa.id_empresa", "fk_periodo.id_periodo", "ind_ativo") values(1, 7, false);
insert into "VGT.REL_EMPRESA_PERIODO"("fk_empresa.id_empresa", "fk_periodo.id_periodo", "ind_ativo") values(1, 8, true);
insert into "VGT.REL_EMPRESA_PERIODO"("fk_empresa.id_empresa", "fk_periodo.id_periodo", "ind_ativo") values(1, 9, false);
insert into "VGT.REL_EMPRESA_PERIODO"("fk_empresa.id_empresa", "fk_periodo.id_periodo", "ind_ativo") values(1, 10, false);

-- select * from "VGT.TAX_PACKAGE"

-- Relacionamento de Empresa x Tax Package
insert into "VGT.TAX_PACKAGE"("id_tax_package", "fk_empresa.id_empresa", "fk_dominio_moeda.id_dominio_moeda") values(1, 1, null);

-- select * from "VGT.REL_TAX_PACKAGE_PERIODO"

-- Relacionamentos Tax Package x Períodos de 2018 para o TP
insert into "VGT.REL_TAX_PACKAGE_PERIODO"("id_rel_tax_package_periodo", "fk_tax_package.id_tax_package", "fk_periodo.id_periodo", "ind_ativo", "status_envio", "data_envio") values(1, 1, 5, false, 0, null);
insert into "VGT.REL_TAX_PACKAGE_PERIODO"("id_rel_tax_package_periodo", "fk_tax_package.id_tax_package", "fk_periodo.id_periodo", "ind_ativo", "status_envio", "data_envio") values(2, 1, 6, false, 0, null);
insert into "VGT.REL_TAX_PACKAGE_PERIODO"("id_rel_tax_package_periodo", "fk_tax_package.id_tax_package", "fk_periodo.id_periodo", "ind_ativo", "status_envio", "data_envio") values(3, 1, 7, false, 0, null);
insert into "VGT.REL_TAX_PACKAGE_PERIODO"("id_rel_tax_package_periodo", "fk_tax_package.id_tax_package", "fk_periodo.id_periodo", "ind_ativo", "status_envio", "data_envio") values(4, 1, 8, true, 0, null);
insert into "VGT.REL_TAX_PACKAGE_PERIODO"("id_rel_tax_package_periodo", "fk_tax_package.id_tax_package", "fk_periodo.id_periodo", "ind_ativo", "status_envio", "data_envio") values(5, 1, 9, false, 0, null);
insert into "VGT.REL_TAX_PACKAGE_PERIODO"("id_rel_tax_package_periodo", "fk_tax_package.id_tax_package", "fk_periodo.id_periodo", "ind_ativo", "status_envio", "data_envio") values(6, 1, 10, false, 0, null);
insert into "VGT.REL_TAX_PACKAGE_PERIODO"("id_rel_tax_package_periodo", "fk_tax_package.id_tax_package", "fk_periodo.id_periodo", "ind_ativo", "status_envio", "data_envio") values(7, 1, 15, false, 0, null);
insert into "VGT.REL_TAX_PACKAGE_PERIODO"("id_rel_tax_package_periodo", "fk_tax_package.id_tax_package", "fk_periodo.id_periodo", "ind_ativo", "status_envio", "data_envio") values(8, 1, 16, false, 0, null);
insert into "VGT.REL_TAX_PACKAGE_PERIODO"("id_rel_tax_package_periodo", "fk_tax_package.id_tax_package", "fk_periodo.id_periodo", "ind_ativo", "status_envio", "data_envio") values(9, 1, 17, false, 0, null);
insert into "VGT.REL_TAX_PACKAGE_PERIODO"("id_rel_tax_package_periodo", "fk_tax_package.id_tax_package", "fk_periodo.id_periodo", "ind_ativo", "status_envio", "data_envio") values(10, 1, 18, false, 0, null);
insert into "VGT.REL_TAX_PACKAGE_PERIODO"("id_rel_tax_package_periodo", "fk_tax_package.id_tax_package", "fk_periodo.id_periodo", "ind_ativo", "status_envio", "data_envio") values(11, 1, 19, false, 0, null);
insert into "VGT.REL_TAX_PACKAGE_PERIODO"("id_rel_tax_package_periodo", "fk_tax_package.id_tax_package", "fk_periodo.id_periodo", "ind_ativo", "status_envio", "data_envio") values(12, 1, 20, false, 0, null);
*/

/* Queries */

-- Query inicial da listagem de empresas do TTC
/*select classification."classification" "tax_classification",
		moeda."acronimo" "moeda",
		SUM(pagamento."total") "valor"
from "VGT.EMPRESA" empresa
	inner join "VGT.REL_EMPRESA_MOD_PERIODO" rel
		on empresa."id_empresa" = rel."fk_empresa.id_empresa"
	inner join "VGT.REL_MODULO_PERIODO" rel_modulo_periodo
		on rel_modulo_periodo."id_rel_modulo_periodo" = rel."fk_mod_periodo.id_rel_modulo_periodo"
	inner join "VGT.PERIODO" periodo
		on periodo."id_periodo" = rel_modulo_periodo."fk_periodo.id_periodo"
	left outer join "VGT.PAGAMENTO" pagamento
		on pagamento."fk_mod_periodo.fk_empresa.id_empresa" = empresa."id_empresa"
	left outer join "VGT.DOMINIO_MOEDA" moeda
		on moeda."id_dominio_moeda" = pagamento."fk_dominio_moeda.id_dominio_moeda"
	left outer join "VGT.NAME_OF_TAX" nameOfTax
		on nameOfTax."id_name_of_tax" = pagamento."fk_name_of_tax.id_name_of_tax"
	left outer join "VGT.TAX" tax
		on tax."id_tax" = nameOfTax."fk_tax.id_tax"
	left outer join "VGT.TAX_CATEGORY" taxCategory
		on taxCategory."id_tax_category" = tax."fk_category.id_tax_category"
	left outer join "VGT.DOMINIO_TAX_CLASSIFICATION" classification
		on classification."id_dominio_tax_classification" = taxCategory."fk_dominio_tax_classification.id_dominio_tax_classification"
where
	empresa."id_empresa" = 1
	and periodo."fk_dominio_ano_calendario.id_dominio_ano_calendario" = 1
group by classification."classification", moeda."acronimo"

select SUM(pagamento."total")
from "VGT.PAGAMENTO" pagamento
inner join "VGT.DOMINIO_MOEDA" moeda
on pagamento."fk_dominio_moeda.id_dominio_moeda" = moeda."id_dominio_moeda"
inner join "VGT.NAME_OF_TAX" nameOfTax
on pagamento."fk_name_of_tax.id_name_of_tax" = nameOfTax."id_name_of_tax"
inner join "VGT.TAX" tax
on nameOfTax."fk_tax.id_tax" = tax."id_tax"
inner join "VGT.TAX_CATEGORY" taxCategory
on tax."fk_category.id_tax_category" = taxCategory."id_tax_category"
inner join "VGT.REL_EMPRESA_PERIODO" rel
on pagamento."fk_periodo.id_periodo" = rel."fk_periodo.id_periodo"
inner join "VGT.PERIODO" periodo
on rel."fk_periodo.id_periodo" = periodo."id_periodo"
where
pagamento."data_pagamento" between '2018-01-01' and '2018-12-31'
and pagamento."fk_dominio_moeda.id_dominio_moeda" = 6
and taxCategory."fk_dominio_tax_classification.id_dominio_tax_classification" = 1
and periodo."fk_dominio_ano_calendario.id_dominio_ano_calendario" = 4
and pagamento."fk_empresa.id_empresa" = 1


select distinct moeda."id_dominio_moeda", moeda."acronimo"
from "VGT.PAGAMENTO" pagamento
inner join "VGT.DOMINIO_MOEDA" moeda
on pagamento."fk_dominio_moeda.id_dominio_moeda" = moeda."id_dominio_moeda"
inner join "VGT.NAME_OF_TAX" nameOfTax
on pagamento."fk_name_of_tax.id_name_of_tax" = nameOfTax."id_name_of_tax"
inner join "VGT.TAX" tax
on nameOfTax."fk_tax.id_tax" = tax."id_tax"
inner join "VGT.TAX_CATEGORY" taxCategory
on tax."fk_category.id_tax_category" = taxCategory."id_tax_category"
inner join "VGT.REL_EMPRESA_PERIODO" rel
on pagamento."fk_periodo.id_periodo" = rel."fk_periodo.id_periodo"
where
pagamento."data_pagamento" between '2018-01-01' and '2018-03-31'
and pagamento."fk_periodo.id_periodo" in (
	select periodo."id_periodo"
	from "VGT.REL_EMPRESA_PERIODO" rel
	inner join "VGT.PERIODO" periodo
	on rel."fk_periodo.id_periodo" = periodo."id_periodo"
	where
	periodo."fk_dominio_modulo.id_dominio_modulo" = 1
	and periodo."fk_dominio_ano_calendario.id_dominio_ano_calendario" = 4
	and rel."fk_empresa.id_empresa" = 1	
)*/

/*
update "VGT.REL_EMPRESA_PERIODO" set "ind_ativo" = true where "fk_empresa.id_empresa" = 1 and "fk_periodo.id_periodo" = 4
*/
